Value,year,county_name,state_alpha,short_desc,asd_desc
177.7,2019,OTHER (COMBINED) COUNTIES,TX,"CORN, GRAIN - YIELD, MEASURED IN BU / ACRE",NORTHERN HIGH PLAINS
177.3,2019,CARSON,TX,"CORN, GRAIN - YIELD, MEASURED IN BU / ACRE",NORTHERN HIGH PLAINS
169.7,2019,DEAF SMITH,TX,"CORN, GRAIN - YIELD, MEASURED IN BU / ACRE",NORTHERN HIGH PLAINS
130.6,2019,FLOYD,TX,"CORN, GRAIN - YIELD, MEASURED IN BU / ACRE",NORTHERN HIGH PLAINS
141.1,2019,GRAY,TX,"CORN, GRAIN - YIELD, MEASURED IN BU / ACRE",NORTHERN HIGH PLAINS
182.4,2019,HANSFORD,TX,"CORN, GRAIN - YIELD, MEASURED IN BU / ACRE",NORTHERN HIGH PLAINS
213.9,2019,HARTLEY,TX,"CORN, GRAIN - YIELD, MEASURED IN BU / ACRE",NORTHERN HIGH PLAINS
178.6,2019,HUTCHINSON,TX,"CORN, GRAIN - YIELD, MEASURED IN BU / ACRE",NORTHERN HIGH PLAINS
192.3,2019,MOORE,TX,"CORN, GRAIN - YIELD, MEASURED IN BU / ACRE",NORTHERN HIGH PLAINS
191.7,2019,OCHILTREE,TX,"CORN, GRAIN - YIELD, MEASURED IN BU / ACRE",NORTHERN HIGH PLAINS
176.9,2019,RANDALL,TX,"CORN, GRAIN - YIELD, MEASURED IN BU / ACRE",NORTHERN HIGH PLAINS
198.8,2019,SHERMAN,TX,"CORN, GRAIN - YIELD, MEASURED IN BU / ACRE",NORTHERN HIGH PLAINS
113.6,2019,SWISHER,TX,"CORN, GRAIN - YIELD, MEASURED IN BU / ACRE",NORTHERN HIGH PLAINS
70.6,2019,OTHER (COMBINED) COUNTIES,TX,"CORN, GRAIN - YIELD, MEASURED IN BU / ACRE",SOUTHERN HIGH PLAINS
74.1,2019,HOCKLEY,TX,"CORN, GRAIN - YIELD, MEASURED IN BU / ACRE",SOUTHERN HIGH PLAINS
127.3,2019,LAMB,TX,"CORN, GRAIN - YIELD, MEASURED IN BU / ACRE",SOUTHERN HIGH PLAINS
128.8,2019,LYNN,TX,"CORN, GRAIN - YIELD, MEASURED IN BU / ACRE",SOUTHERN HIGH PLAINS
79.1,2019,OTHER (COMBINED) COUNTIES,TX,"CORN, GRAIN - YIELD, MEASURED IN BU / ACRE",SOUTHERN LOW PLAINS
63.2,2019,COLEMAN,TX,"CORN, GRAIN - YIELD, MEASURED IN BU / ACRE",SOUTHERN LOW PLAINS
99.9,2019,OTHER (COMBINED) COUNTIES,TX,"CORN, GRAIN - YIELD, MEASURED IN BU / ACRE",BLACKLANDS
105.8,2019,BELL,TX,"CORN, GRAIN - YIELD, MEASURED IN BU / ACRE",BLACKLANDS
90.4,2019,COLLIN,TX,"CORN, GRAIN - YIELD, MEASURED IN BU / ACRE",BLACKLANDS
118.5,2019,COOKE,TX,"CORN, GRAIN - YIELD, MEASURED IN BU / ACRE",BLACKLANDS
81,2019,ELLIS,TX,"CORN, GRAIN - YIELD, MEASURED IN BU / ACRE",BLACKLANDS
88.8,2019,FANNIN,TX,"CORN, GRAIN - YIELD, MEASURED IN BU / ACRE",BLACKLANDS
106.7,2019,GRAYSON,TX,"CORN, GRAIN - YIELD, MEASURED IN BU / ACRE",BLACKLANDS
107.7,2019,HILL,TX,"CORN, GRAIN - YIELD, MEASURED IN BU / ACRE",BLACKLANDS
88.9,2019,HUNT,TX,"CORN, GRAIN - YIELD, MEASURED IN BU / ACRE",BLACKLANDS
80,2019,JOHNSON,TX,"CORN, GRAIN - YIELD, MEASURED IN BU / ACRE",BLACKLANDS
105.9,2019,LAMAR,TX,"CORN, GRAIN - YIELD, MEASURED IN BU / ACRE",BLACKLANDS
103.5,2019,LIMESTONE,TX,"CORN, GRAIN - YIELD, MEASURED IN BU / ACRE",BLACKLANDS
105,2019,MCLENNAN,TX,"CORN, GRAIN - YIELD, MEASURED IN BU / ACRE",BLACKLANDS
91.4,2019,MILAM,TX,"CORN, GRAIN - YIELD, MEASURED IN BU / ACRE",BLACKLANDS
114.3,2019,NAVARRO,TX,"CORN, GRAIN - YIELD, MEASURED IN BU / ACRE",BLACKLANDS
100.6,2019,WILLIAMSON,TX,"CORN, GRAIN - YIELD, MEASURED IN BU / ACRE",BLACKLANDS
113.8,2019,OTHER (COMBINED) COUNTIES,TX,"CORN, GRAIN - YIELD, MEASURED IN BU / ACRE",EAST TEXAS SOUTH
99.6,2019,OTHER (COMBINED) COUNTIES,TX,"CORN, GRAIN - YIELD, MEASURED IN BU / ACRE",EDWARDS PLATEAU
116.7,2019,CONCHO,TX,"CORN, GRAIN - YIELD, MEASURED IN BU / ACRE",EDWARDS PLATEAU
120.6,2019,TOM GREEN,TX,"CORN, GRAIN - YIELD, MEASURED IN BU / ACRE",EDWARDS PLATEAU
154.3,2019,UVALDE,TX,"CORN, GRAIN - YIELD, MEASURED IN BU / ACRE",EDWARDS PLATEAU
93.2,2019,OTHER (COMBINED) COUNTIES,TX,"CORN, GRAIN - YIELD, MEASURED IN BU / ACRE",SOUTH CENTRAL
127.3,2019,AUSTIN,TX,"CORN, GRAIN - YIELD, MEASURED IN BU / ACRE",SOUTH CENTRAL
87.3,2019,BEE,TX,"CORN, GRAIN - YIELD, MEASURED IN BU / ACRE",SOUTH CENTRAL
102.4,2019,BEXAR,TX,"CORN, GRAIN - YIELD, MEASURED IN BU / ACRE",SOUTH CENTRAL
82.7,2019,BURLESON,TX,"CORN, GRAIN - YIELD, MEASURED IN BU / ACRE",SOUTH CENTRAL
113.2,2019,CALDWELL,TX,"CORN, GRAIN - YIELD, MEASURED IN BU / ACRE",SOUTH CENTRAL
143.1,2019,COLORADO,TX,"CORN, GRAIN - YIELD, MEASURED IN BU / ACRE",SOUTH CENTRAL
109.1,2019,FAYETTE,TX,"CORN, GRAIN - YIELD, MEASURED IN BU / ACRE",SOUTH CENTRAL
117.6,2019,GONZALES,TX,"CORN, GRAIN - YIELD, MEASURED IN BU / ACRE",SOUTH CENTRAL
95.7,2019,GUADALUPE,TX,"CORN, GRAIN - YIELD, MEASURED IN BU / ACRE",SOUTH CENTRAL
105,2019,HAYS,TX,"CORN, GRAIN - YIELD, MEASURED IN BU / ACRE",SOUTH CENTRAL
129,2019,LEE,TX,"CORN, GRAIN - YIELD, MEASURED IN BU / ACRE",SOUTH CENTRAL
140.9,2019,MEDINA,TX,"CORN, GRAIN - YIELD, MEASURED IN BU / ACRE",SOUTH CENTRAL
76.3,2019,TRAVIS,TX,"CORN, GRAIN - YIELD, MEASURED IN BU / ACRE",SOUTH CENTRAL
125.6,2019,WILSON,TX,"CORN, GRAIN - YIELD, MEASURED IN BU / ACRE",SOUTH CENTRAL
93.8,2019,OTHER (COMBINED) COUNTIES,TX,"CORN, GRAIN - YIELD, MEASURED IN BU / ACRE",COASTAL BEND
99.9,2019,NUECES,TX,"CORN, GRAIN - YIELD, MEASURED IN BU / ACRE",COASTAL BEND
132.3,2019,OTHER (COMBINED) COUNTIES,TX,"CORN, GRAIN - YIELD, MEASURED IN BU / ACRE",UPPER COAST
114.1,2019,CALHOUN,TX,"CORN, GRAIN - YIELD, MEASURED IN BU / ACRE",UPPER COAST
110.6,2019,JACKSON,TX,"CORN, GRAIN - YIELD, MEASURED IN BU / ACRE",UPPER COAST
104.3,2019,MATAGORDA,TX,"CORN, GRAIN - YIELD, MEASURED IN BU / ACRE",UPPER COAST
114.8,2019,VICTORIA,TX,"CORN, GRAIN - YIELD, MEASURED IN BU / ACRE",UPPER COAST
120.1,2019,WHARTON,TX,"CORN, GRAIN - YIELD, MEASURED IN BU / ACRE",UPPER COAST
84,2019,OTHER (COMBINED) COUNTIES,TX,"CORN, GRAIN - YIELD, MEASURED IN BU / ACRE",LOWER VALLEY
80.6,2019,CAMERON,TX,"CORN, GRAIN - YIELD, MEASURED IN BU / ACRE",LOWER VALLEY
111.1,2019,HIDALGO,TX,"CORN, GRAIN - YIELD, MEASURED IN BU / ACRE",LOWER VALLEY
