Year,County,Yield_Bu_Acre,February_End_Pct,March_End_Pct,April_End_Pct,May_End_Pct,June_End_Pct,July_End_Pct
2000,AUSTIN,100.0,0.0,0.0,80.0,97.0,97.0,97.0
2001,AUSTIN,91.0,0.0,0.0,69.0,98.0,98.0,98.0
2002,AUSTIN,72.9,0.0,0.0,75.0,99.0,100.0,100.0
2003,AUSTIN,46.1,0.0,0.0,73.0,99.0,100.0,100.0
2004,AUSTIN,89.3,0.0,0.0,70.0,98.0,98.0,98.0
2005,AUSTIN,78.7,0.0,0.0,72.0,95.0,95.0,95.0
2006,AUSTIN,119.0,0.0,0.0,80.0,99.0,99.0,99.0
2007,AUSTIN,93.0,0.0,0.0,70.0,98.0,98.0,98.0
2010,AUSTIN,86.7,0.0,0.0,61.0,97.0,97.0,97.0
2011,AUSTIN,19.5,0.0,0.0,66.0,98.0,100.0,100.0
2012,AUSTIN,108.0,0.0,0.0,70.0,95.0,95.0,95.0
2013,AUSTIN,91.2,0.0,0.0,69.0,95.0,98.0,98.0
2014,AUSTIN,105.6,0.0,0.0,64.0,97.0,100.0,100.0
2018,AUSTIN,68.5,0.0,43.0,70.0,90.0,96.0,96.0
2019,AUSTIN,127.3,0.0,51.0,65.0,93.0,100.0,100.0
2020,AUSTIN,113.1,0.0,50.0,67.0,96.0,98.0,98.0
2021,AUSTIN,88.0,3.0,50.0,66.0,95.0,95.0,95.0
2024,AUSTIN,83.9,3.0,57.0,71.0,92.0,100.0,100.0
2000,BASTROP,72.1,0.0,0.0,80.0,97.0,97.0,97.0
2001,BASTROP,66.4,0.0,0.0,69.0,98.0,98.0,98.0
2002,BASTROP,46.7,0.0,0.0,75.0,99.0,100.0,100.0
2003,BASTROP,40.0,0.0,0.0,73.0,99.0,100.0,100.0
2004,BASTROP,109.4,0.0,0.0,70.0,98.0,98.0,98.0
2005,BASTROP,80.8,0.0,0.0,72.0,95.0,95.0,95.0
2006,BASTROP,57.0,0.0,0.0,80.0,99.0,99.0,99.0
2007,BASTROP,101.0,0.0,0.0,70.0,98.0,98.0,98.0
2014,BASTROP,86.6,0.0,0.0,64.0,97.0,100.0,100.0
2000,BELL,92.0,0.0,0.0,80.0,97.0,97.0,97.0
2001,BELL,74.5,0.0,0.0,69.0,98.0,98.0,98.0
2002,BELL,68.9,0.0,0.0,75.0,99.0,100.0,100.0
2003,BELL,70.1,0.0,0.0,73.0,99.0,100.0,100.0
2004,BELL,91.6,0.0,0.0,70.0,98.0,98.0,98.0
2005,BELL,64.0,0.0,0.0,72.0,95.0,95.0,95.0
2006,BELL,83.0,0.0,0.0,80.0,99.0,99.0,99.0
2007,BELL,87.0,0.0,0.0,70.0,98.0,98.0,98.0
2008,BELL,63.0,0.0,0.0,66.0,97.0,99.0,99.0
2009,BELL,52.5,0.0,0.0,74.0,98.0,100.0,100.0
2010,BELL,79.6,0.0,0.0,61.0,97.0,97.0,97.0
2011,BELL,33.0,0.0,0.0,66.0,98.0,100.0,100.0
2012,BELL,81.2,0.0,0.0,70.0,95.0,95.0,95.0
2013,BELL,94.6,0.0,0.0,69.0,95.0,98.0,98.0
2014,BELL,113.2,0.0,0.0,64.0,97.0,100.0,100.0
2015,BELL,63.2,2.0,20.0,56.0,83.0,100.0,100.0
2016,BELL,60.6,0.0,38.0,52.0,93.0,99.0,99.0
2017,BELL,103.5,0.0,45.0,71.0,96.0,100.0,100.0
2018,BELL,56.4,0.0,43.0,70.0,90.0,96.0,96.0
2019,BELL,105.8,0.0,51.0,65.0,93.0,100.0,100.0
2020,BELL,94.2,0.0,50.0,67.0,96.0,98.0,98.0
2021,BELL,109.1,3.0,50.0,66.0,95.0,95.0,95.0
2022,BELL,59.2,5.0,51.0,69.0,94.0,99.0,99.0
2023,BELL,102.3,5.0,52.0,74.0,92.0,100.0,100.0
2024,BELL,54.6,3.0,57.0,71.0,92.0,100.0,100.0
2002,BOSQUE,142.3,0.0,0.0,75.0,99.0,100.0,100.0
2003,BOSQUE,104.7,0.0,0.0,73.0,99.0,100.0,100.0
2005,BOSQUE,57.3,0.0,0.0,72.0,95.0,95.0,95.0
2010,BOSQUE,35.0,0.0,0.0,61.0,97.0,97.0,97.0
2000,BOWIE,111.6,0.0,0.0,80.0,97.0,97.0,97.0
2001,BOWIE,108.9,0.0,0.0,69.0,98.0,98.0,98.0
2002,BOWIE,99.1,0.0,0.0,75.0,99.0,100.0,100.0
2003,BOWIE,105.0,0.0,0.0,73.0,99.0,100.0,100.0
2004,BOWIE,114.6,0.0,0.0,70.0,98.0,98.0,98.0
2005,BOWIE,88.0,0.0,0.0,72.0,95.0,95.0,95.0
2006,BOWIE,110.0,0.0,0.0,80.0,99.0,99.0,99.0
2007,BOWIE,128.0,0.0,0.0,70.0,98.0,98.0,98.0
2000,BRAZOS,98.1,0.0,0.0,80.0,97.0,97.0,97.0
2001,BRAZOS,118.4,0.0,0.0,69.0,98.0,98.0,98.0
2002,BRAZOS,99.8,0.0,0.0,75.0,99.0,100.0,100.0
2003,BRAZOS,88.1,0.0,0.0,73.0,99.0,100.0,100.0
2004,BRAZOS,114.7,0.0,0.0,70.0,98.0,98.0,98.0
2005,BRAZOS,93.7,0.0,0.0,72.0,95.0,95.0,95.0
2006,BRAZOS,91.0,0.0,0.0,80.0,99.0,99.0,99.0
2007,BRAZOS,147.0,0.0,0.0,70.0,98.0,98.0,98.0
2009,BRAZOS,66.3,0.0,0.0,74.0,98.0,100.0,100.0
2010,BRAZOS,123.3,0.0,0.0,61.0,97.0,97.0,97.0
2023,BRAZOS,147.7,5.0,52.0,74.0,92.0,100.0,100.0
2000,BURLESON,110.4,0.0,0.0,80.0,97.0,97.0,97.0
2001,BURLESON,100.7,0.0,0.0,69.0,98.0,98.0,98.0
2002,BURLESON,91.9,0.0,0.0,75.0,99.0,100.0,100.0
2003,BURLESON,82.6,0.0,0.0,73.0,99.0,100.0,100.0
2004,BURLESON,124.3,0.0,0.0,70.0,98.0,98.0,98.0
2005,BURLESON,95.5,0.0,0.0,72.0,95.0,95.0,95.0
2006,BURLESON,113.0,0.0,0.0,80.0,99.0,99.0,99.0
2007,BURLESON,149.0,0.0,0.0,70.0,98.0,98.0,98.0
2008,BURLESON,94.0,0.0,0.0,66.0,97.0,99.0,99.0
2009,BURLESON,70.7,0.0,0.0,74.0,98.0,100.0,100.0
2010,BURLESON,114.9,0.0,0.0,61.0,97.0,97.0,97.0
2012,BURLESON,102.9,0.0,0.0,70.0,95.0,95.0,95.0
2013,BURLESON,92.2,0.0,0.0,69.0,95.0,98.0,98.0
2015,BURLESON,96.1,2.0,20.0,56.0,83.0,100.0,100.0
2016,BURLESON,104.3,0.0,38.0,52.0,93.0,99.0,99.0
2017,BURLESON,124.7,0.0,45.0,71.0,96.0,100.0,100.0
2018,BURLESON,95.5,0.0,43.0,70.0,90.0,96.0,96.0
2019,BURLESON,82.7,0.0,51.0,65.0,93.0,100.0,100.0
2020,BURLESON,120.8,0.0,50.0,67.0,96.0,98.0,98.0
2021,BURLESON,130.1,3.0,50.0,66.0,95.0,95.0,95.0
2022,BURLESON,89.7,5.0,51.0,69.0,94.0,99.0,99.0
2024,BURLESON,133.2,3.0,57.0,71.0,92.0,100.0,100.0
2002,CAMP,86.7,0.0,0.0,75.0,99.0,100.0,100.0
2003,CAMP,95.0,0.0,0.0,73.0,99.0,100.0,100.0
2004,CAMP,142.3,0.0,0.0,70.0,98.0,98.0,98.0
2017,COLEMAN,100.5,0.0,45.0,71.0,96.0,100.0,100.0
2019,COLEMAN,63.2,0.0,51.0,65.0,93.0,100.0,100.0
2020,COLEMAN,28.0,0.0,50.0,67.0,96.0,98.0,98.0
2021,COLEMAN,52.4,3.0,50.0,66.0,95.0,95.0,95.0
2000,COMANCHE,116.3,0.0,0.0,80.0,97.0,97.0,97.0
2001,COMANCHE,56.7,0.0,0.0,69.0,98.0,98.0,98.0
2002,COMANCHE,58.0,0.0,0.0,75.0,99.0,100.0,100.0
2003,COMANCHE,141.2,0.0,0.0,73.0,99.0,100.0,100.0
2004,COMANCHE,45.4,0.0,0.0,70.0,98.0,98.0,98.0
2006,COMANCHE,165.0,0.0,0.0,80.0,99.0,99.0,99.0
2000,CONCHO,95.0,0.0,0.0,80.0,97.0,97.0,97.0
2016,CONCHO,92.3,0.0,38.0,52.0,93.0,99.0,99.0
2019,CONCHO,116.7,0.0,51.0,65.0,93.0,100.0,100.0
2001,CROSBY,140.0,0.0,0.0,69.0,98.0,98.0,98.0
2002,CROSBY,100.0,0.0,0.0,75.0,99.0,100.0,100.0
2009,CROSBY,170.0,0.0,0.0,74.0,98.0,100.0,100.0
2014,CROSBY,145.5,0.0,0.0,64.0,97.0,100.0,100.0
2016,CROSBY,104.7,0.0,38.0,52.0,93.0,99.0,99.0
2000,DENTON,127.1,0.0,0.0,80.0,97.0,97.0,97.0
2002,DENTON,76.2,0.0,0.0,75.0,99.0,100.0,100.0
2003,DENTON,74.5,0.0,0.0,73.0,99.0,100.0,100.0
2004,DENTON,79.8,0.0,0.0,70.0,98.0,98.0,98.0
2005,DENTON,38.9,0.0,0.0,72.0,95.0,95.0,95.0
2006,DENTON,27.0,0.0,0.0,80.0,99.0,99.0,99.0
2012,DENTON,36.4,0.0,0.0,70.0,95.0,95.0,95.0
2013,DENTON,52.2,0.0,0.0,69.0,95.0,98.0,98.0
2014,DENTON,78.3,0.0,0.0,64.0,97.0,100.0,100.0
2018,DENTON,42.7,0.0,43.0,70.0,90.0,96.0,96.0
2024,DENTON,61.5,3.0,57.0,71.0,92.0,100.0,100.0
2006,EASTLAND,128.0,0.0,0.0,80.0,99.0,99.0,99.0
2000,ELLIS,92.3,0.0,0.0,80.0,97.0,97.0,97.0
2001,ELLIS,72.7,0.0,0.0,69.0,98.0,98.0,98.0
2002,ELLIS,82.5,0.0,0.0,75.0,99.0,100.0,100.0
2003,ELLIS,97.0,0.0,0.0,73.0,99.0,100.0,100.0
2004,ELLIS,95.3,0.0,0.0,70.0,98.0,98.0,98.0
2005,ELLIS,67.6,0.0,0.0,72.0,95.0,95.0,95.0
2006,ELLIS,46.0,0.0,0.0,80.0,99.0,99.0,99.0
2007,ELLIS,108.0,0.0,0.0,70.0,98.0,98.0,98.0
2008,ELLIS,55.0,0.0,0.0,66.0,97.0,99.0,99.0
2009,ELLIS,61.9,0.0,0.0,74.0,98.0,100.0,100.0
2010,ELLIS,69.1,0.0,0.0,61.0,97.0,97.0,97.0
2011,ELLIS,49.2,0.0,0.0,66.0,98.0,100.0,100.0
2012,ELLIS,97.9,0.0,0.0,70.0,95.0,95.0,95.0
2013,ELLIS,86.2,0.0,0.0,69.0,95.0,98.0,98.0
2014,ELLIS,107.7,0.0,0.0,64.0,97.0,100.0,100.0
2015,ELLIS,54.9,2.0,20.0,56.0,83.0,100.0,100.0
2016,ELLIS,80.4,0.0,38.0,52.0,93.0,99.0,99.0
2017,ELLIS,119.2,0.0,45.0,71.0,96.0,100.0,100.0
2018,ELLIS,71.9,0.0,43.0,70.0,90.0,96.0,96.0
2019,ELLIS,81.0,0.0,51.0,65.0,93.0,100.0,100.0
2020,ELLIS,96.7,0.0,50.0,67.0,96.0,98.0,98.0
2021,ELLIS,70.8,3.0,50.0,66.0,95.0,95.0,95.0
2022,ELLIS,59.7,5.0,51.0,69.0,94.0,99.0,99.0
2023,ELLIS,92.4,5.0,52.0,74.0,92.0,100.0,100.0
2024,ELLIS,75.0,3.0,57.0,71.0,92.0,100.0,100.0
2000,ERATH,56.4,0.0,0.0,80.0,97.0,97.0,97.0
2001,ERATH,45.0,0.0,0.0,69.0,98.0,98.0,98.0
2002,ERATH,55.0,0.0,0.0,75.0,99.0,100.0,100.0
2003,ERATH,108.3,0.0,0.0,73.0,99.0,100.0,100.0
2006,ERATH,155.0,0.0,0.0,80.0,99.0,99.0,99.0
2000,FANNIN,78.8,0.0,0.0,80.0,97.0,97.0,97.0
2001,FANNIN,73.2,0.0,0.0,69.0,98.0,98.0,98.0
2002,FANNIN,80.9,0.0,0.0,75.0,99.0,100.0,100.0
2003,FANNIN,93.9,0.0,0.0,73.0,99.0,100.0,100.0
2004,FANNIN,105.7,0.0,0.0,70.0,98.0,98.0,98.0
2005,FANNIN,74.6,0.0,0.0,72.0,95.0,95.0,95.0
2006,FANNIN,62.0,0.0,0.0,80.0,99.0,99.0,99.0
2007,FANNIN,106.0,0.0,0.0,70.0,98.0,98.0,98.0
2008,FANNIN,82.0,0.0,0.0,66.0,97.0,99.0,99.0
2009,FANNIN,45.0,0.0,0.0,74.0,98.0,100.0,100.0
2010,FANNIN,53.5,0.0,0.0,61.0,97.0,97.0,97.0
2011,FANNIN,52.6,0.0,0.0,66.0,98.0,100.0,100.0
2012,FANNIN,90.7,0.0,0.0,70.0,95.0,95.0,95.0
2014,FANNIN,118.5,0.0,0.0,64.0,97.0,100.0,100.0
2015,FANNIN,73.7,2.0,20.0,56.0,83.0,100.0,100.0
2016,FANNIN,82.1,0.0,38.0,52.0,93.0,99.0,99.0
2017,FANNIN,133.0,0.0,45.0,71.0,96.0,100.0,100.0
2018,FANNIN,67.9,0.0,43.0,70.0,90.0,96.0,96.0
2019,FANNIN,88.8,0.0,51.0,65.0,93.0,100.0,100.0
2020,FANNIN,88.3,0.0,50.0,67.0,96.0,98.0,98.0
2024,FANNIN,58.8,3.0,57.0,71.0,92.0,100.0,100.0
2000,FAYETTE,96.2,0.0,0.0,80.0,97.0,97.0,97.0
2001,FAYETTE,85.5,0.0,0.0,69.0,98.0,98.0,98.0
2002,FAYETTE,41.4,0.0,0.0,75.0,99.0,100.0,100.0
2003,FAYETTE,44.1,0.0,0.0,73.0,99.0,100.0,100.0
2004,FAYETTE,102.1,0.0,0.0,70.0,98.0,98.0,98.0
2005,FAYETTE,68.9,0.0,0.0,72.0,95.0,95.0,95.0
2006,FAYETTE,48.0,0.0,0.0,80.0,99.0,99.0,99.0
2007,FAYETTE,105.0,0.0,0.0,70.0,98.0,98.0,98.0
2008,FAYETTE,40.0,0.0,0.0,66.0,97.0,99.0,99.0
2009,FAYETTE,23.9,0.0,0.0,74.0,98.0,100.0,100.0
2010,FAYETTE,106.3,0.0,0.0,61.0,97.0,97.0,97.0
2011,FAYETTE,30.0,0.0,0.0,66.0,98.0,100.0,100.0
2012,FAYETTE,73.2,0.0,0.0,70.0,95.0,95.0,95.0
2013,FAYETTE,53.6,0.0,0.0,69.0,95.0,98.0,98.0
2014,FAYETTE,110.0,0.0,0.0,64.0,97.0,100.0,100.0
2015,FAYETTE,77.8,2.0,20.0,56.0,83.0,100.0,100.0
2016,FAYETTE,83.3,0.0,38.0,52.0,93.0,99.0,99.0
2017,FAYETTE,88.9,0.0,45.0,71.0,96.0,100.0,100.0
2018,FAYETTE,67.7,0.0,43.0,70.0,90.0,96.0,96.0
2019,FAYETTE,109.1,0.0,51.0,65.0,93.0,100.0,100.0
2020,FAYETTE,90.9,0.0,50.0,67.0,96.0,98.0,98.0
2021,FAYETTE,101.9,3.0,50.0,66.0,95.0,95.0,95.0
2022,FAYETTE,55.6,5.0,51.0,69.0,94.0,99.0,99.0
2023,FAYETTE,93.6,5.0,52.0,74.0,92.0,100.0,100.0
2024,FAYETTE,111.9,3.0,57.0,71.0,92.0,100.0,100.0
2000,GRAYSON,89.8,0.0,0.0,80.0,97.0,97.0,97.0
2001,GRAYSON,64.3,0.0,0.0,69.0,98.0,98.0,98.0
2002,GRAYSON,84.6,0.0,0.0,75.0,99.0,100.0,100.0
2003,GRAYSON,95.3,0.0,0.0,73.0,99.0,100.0,100.0
2004,GRAYSON,105.6,0.0,0.0,70.0,98.0,98.0,98.0
2005,GRAYSON,62.2,0.0,0.0,72.0,95.0,95.0,95.0
2006,GRAYSON,43.0,0.0,0.0,80.0,99.0,99.0,99.0
2007,GRAYSON,117.0,0.0,0.0,70.0,98.0,98.0,98.0
2008,GRAYSON,75.0,0.0,0.0,66.0,97.0,99.0,99.0
2009,GRAYSON,63.2,0.0,0.0,74.0,98.0,100.0,100.0
2010,GRAYSON,52.1,0.0,0.0,61.0,97.0,97.0,97.0
2011,GRAYSON,52.1,0.0,0.0,66.0,98.0,100.0,100.0
2012,GRAYSON,89.4,0.0,0.0,70.0,95.0,95.0,95.0
2013,GRAYSON,92.1,0.0,0.0,69.0,95.0,98.0,98.0
2014,GRAYSON,98.7,0.0,0.0,64.0,97.0,100.0,100.0
2015,GRAYSON,51.5,2.0,20.0,56.0,83.0,100.0,100.0
2016,GRAYSON,62.1,0.0,38.0,52.0,93.0,99.0,99.0
2017,GRAYSON,93.2,0.0,45.0,71.0,96.0,100.0,100.0
2018,GRAYSON,65.0,0.0,43.0,70.0,90.0,96.0,96.0
2019,GRAYSON,106.7,0.0,51.0,65.0,93.0,100.0,100.0
2020,GRAYSON,72.6,0.0,50.0,67.0,96.0,98.0,98.0
2021,GRAYSON,66.2,3.0,50.0,66.0,95.0,95.0,95.0
2022,GRAYSON,55.0,5.0,51.0,69.0,94.0,99.0,99.0
2023,GRAYSON,102.3,5.0,52.0,74.0,92.0,100.0,100.0
2004,HAMILTON,137.5,0.0,0.0,70.0,98.0,98.0,98.0
2005,HAMILTON,95.3,0.0,0.0,72.0,95.0,95.0,95.0
2006,HAMILTON,48.0,0.0,0.0,80.0,99.0,99.0,99.0
2010,HAMILTON,91.0,0.0,0.0,61.0,97.0,97.0,97.0
2000,HARRIS,85.5,0.0,0.0,80.0,97.0,97.0,97.0
2001,HARRIS,113.5,0.0,0.0,69.0,98.0,98.0,98.0
2002,HARRIS,82.4,0.0,0.0,75.0,99.0,100.0,100.0
2003,HARRIS,62.1,0.0,0.0,73.0,99.0,100.0,100.0
2004,HARRIS,94.8,0.0,0.0,70.0,98.0,98.0,98.0
2005,HARRIS,58.4,0.0,0.0,72.0,95.0,95.0,95.0
2006,HARRIS,80.0,0.0,0.0,80.0,99.0,99.0,99.0
2007,HARRIS,134.0,0.0,0.0,70.0,98.0,98.0,98.0
2000,HAYS,87.6,0.0,0.0,80.0,97.0,97.0,97.0
2001,HAYS,60.4,0.0,0.0,69.0,98.0,98.0,98.0
2002,HAYS,30.9,0.0,0.0,75.0,99.0,100.0,100.0
2003,HAYS,30.9,0.0,0.0,73.0,99.0,100.0,100.0
2004,HAYS,91.1,0.0,0.0,70.0,98.0,98.0,98.0
2005,HAYS,50.9,0.0,0.0,72.0,95.0,95.0,95.0
2006,HAYS,26.0,0.0,0.0,80.0,99.0,99.0,99.0
2011,HAYS,12.6,0.0,0.0,66.0,98.0,100.0,100.0
2014,HAYS,81.9,0.0,0.0,64.0,97.0,100.0,100.0
2016,HAYS,82.4,0.0,38.0,52.0,93.0,99.0,99.0
2017,HAYS,99.8,0.0,45.0,71.0,96.0,100.0,100.0
2018,HAYS,70.0,0.0,43.0,70.0,90.0,96.0,96.0
2019,HAYS,105.0,0.0,51.0,65.0,93.0,100.0,100.0
2020,HAYS,109.4,0.0,50.0,67.0,96.0,98.0,98.0
2021,HAYS,92.0,3.0,50.0,66.0,95.0,95.0,95.0
2022,HAYS,30.1,5.0,51.0,69.0,94.0,99.0,99.0
2000,HILL,102.1,0.0,0.0,80.0,97.0,97.0,97.0
2001,HILL,67.0,0.0,0.0,69.0,98.0,98.0,98.0
2002,HILL,92.8,0.0,0.0,75.0,99.0,100.0,100.0
2003,HILL,100.0,0.0,0.0,73.0,99.0,100.0,100.0
2004,HILL,100.5,0.0,0.0,70.0,98.0,98.0,98.0
2005,HILL,73.4,0.0,0.0,72.0,95.0,95.0,95.0
2006,HILL,41.0,0.0,0.0,80.0,99.0,99.0,99.0
2007,HILL,95.0,0.0,0.0,70.0,98.0,98.0,98.0
2008,HILL,55.0,0.0,0.0,66.0,97.0,99.0,99.0
2009,HILL,50.2,0.0,0.0,74.0,98.0,100.0,100.0
2010,HILL,76.6,0.0,0.0,61.0,97.0,97.0,97.0
2011,HILL,46.0,0.0,0.0,66.0,98.0,100.0,100.0
2012,HILL,101.9,0.0,0.0,70.0,95.0,95.0,95.0
2013,HILL,97.2,0.0,0.0,69.0,95.0,98.0,98.0
2014,HILL,113.0,0.0,0.0,64.0,97.0,100.0,100.0
2015,HILL,64.5,2.0,20.0,56.0,83.0,100.0,100.0
2016,HILL,80.4,0.0,38.0,52.0,93.0,99.0,99.0
2017,HILL,107.0,0.0,45.0,71.0,96.0,100.0,100.0
2018,HILL,62.0,0.0,43.0,70.0,90.0,96.0,96.0
2019,HILL,107.7,0.0,51.0,65.0,93.0,100.0,100.0
2020,HILL,100.3,0.0,50.0,67.0,96.0,98.0,98.0
2021,HILL,97.2,3.0,50.0,66.0,95.0,95.0,95.0
2022,HILL,65.1,5.0,51.0,69.0,94.0,99.0,99.0
2023,HILL,120.7,5.0,52.0,74.0,92.0,100.0,100.0
2024,HILL,80.9,3.0,57.0,71.0,92.0,100.0,100.0
2013,HOCKLEY,154.0,0.0,0.0,69.0,95.0,98.0,98.0
2014,HOCKLEY,130.5,0.0,0.0,64.0,97.0,100.0,100.0
2015,HOCKLEY,120.6,2.0,20.0,56.0,83.0,100.0,100.0
2016,HOCKLEY,105.4,0.0,38.0,52.0,93.0,99.0,99.0
2019,HOCKLEY,74.1,0.0,51.0,65.0,93.0,100.0,100.0
2020,HOCKLEY,83.0,0.0,50.0,67.0,96.0,98.0,98.0
2005,HOPKINS,60.7,0.0,0.0,72.0,95.0,95.0,95.0
2006,HOPKINS,39.0,0.0,0.0,80.0,99.0,99.0,99.0
2000,HOUSTON,103.3,0.0,0.0,80.0,97.0,97.0,97.0
2001,HOUSTON,110.0,0.0,0.0,69.0,98.0,98.0,98.0
2002,HOUSTON,87.2,0.0,0.0,75.0,99.0,100.0,100.0
2003,HOUSTON,96.3,0.0,0.0,73.0,99.0,100.0,100.0
2004,HOUSTON,92.1,0.0,0.0,70.0,98.0,98.0,98.0
2005,HOUSTON,44.3,0.0,0.0,72.0,95.0,95.0,95.0
2006,HOUSTON,62.0,0.0,0.0,80.0,99.0,99.0,99.0
2007,HOUSTON,94.0,0.0,0.0,70.0,98.0,98.0,98.0
2000,HUNT,77.5,0.0,0.0,80.0,97.0,97.0,97.0
2002,HUNT,66.9,0.0,0.0,75.0,99.0,100.0,100.0
2003,HUNT,107.4,0.0,0.0,73.0,99.0,100.0,100.0
2004,HUNT,108.7,0.0,0.0,70.0,98.0,98.0,98.0
2005,HUNT,57.2,0.0,0.0,72.0,95.0,95.0,95.0
2006,HUNT,41.0,0.0,0.0,80.0,99.0,99.0,99.0
2007,HUNT,123.0,0.0,0.0,70.0,98.0,98.0,98.0
2009,HUNT,48.7,0.0,0.0,74.0,98.0,100.0,100.0
2010,HUNT,65.0,0.0,0.0,61.0,97.0,97.0,97.0
2012,HUNT,80.0,0.0,0.0,70.0,95.0,95.0,95.0
2013,HUNT,102.3,0.0,0.0,69.0,95.0,98.0,98.0
2014,HUNT,116.9,0.0,0.0,64.0,97.0,100.0,100.0
2017,HUNT,113.7,0.0,45.0,71.0,96.0,100.0,100.0
2018,HUNT,65.1,0.0,43.0,70.0,90.0,96.0,96.0
2019,HUNT,88.9,0.0,51.0,65.0,93.0,100.0,100.0
2021,HUNT,49.8,3.0,50.0,66.0,95.0,95.0,95.0
2024,HUNT,50.5,3.0,57.0,71.0,92.0,100.0,100.0
2000,JEFFERSON,21.0,0.0,0.0,80.0,97.0,97.0,97.0
2001,JEFFERSON,90.0,0.0,0.0,69.0,98.0,98.0,98.0
2002,JEFFERSON,90.0,0.0,0.0,75.0,99.0,100.0,100.0
2000,JOHNSON,58.6,0.0,0.0,80.0,97.0,97.0,97.0
2001,JOHNSON,80.0,0.0,0.0,69.0,98.0,98.0,98.0
2002,JOHNSON,81.8,0.0,0.0,75.0,99.0,100.0,100.0
2003,JOHNSON,98.5,0.0,0.0,73.0,99.0,100.0,100.0
2004,JOHNSON,96.0,0.0,0.0,70.0,98.0,98.0,98.0
2005,JOHNSON,66.1,0.0,0.0,72.0,95.0,95.0,95.0
2006,JOHNSON,32.0,0.0,0.0,80.0,99.0,99.0,99.0
2007,JOHNSON,126.0,0.0,0.0,70.0,98.0,98.0,98.0
2009,JOHNSON,60.5,0.0,0.0,74.0,98.0,100.0,100.0
2010,JOHNSON,58.1,0.0,0.0,61.0,97.0,97.0,97.0
2012,JOHNSON,97.8,0.0,0.0,70.0,95.0,95.0,95.0
2013,JOHNSON,85.1,0.0,0.0,69.0,95.0,98.0,98.0
2014,JOHNSON,68.9,0.0,0.0,64.0,97.0,100.0,100.0
2015,JOHNSON,48.7,2.0,20.0,56.0,83.0,100.0,100.0
2016,JOHNSON,71.9,0.0,38.0,52.0,93.0,99.0,99.0
2018,JOHNSON,63.1,0.0,43.0,70.0,90.0,96.0,96.0
2019,JOHNSON,80.0,0.0,51.0,65.0,93.0,100.0,100.0
2020,JOHNSON,85.2,0.0,50.0,67.0,96.0,98.0,98.0
2021,JOHNSON,57.4,3.0,50.0,66.0,95.0,95.0,95.0
2023,JOHNSON,96.2,5.0,52.0,74.0,92.0,100.0,100.0
2000,KAUFMAN,104.8,0.0,0.0,80.0,97.0,97.0,97.0
2002,KAUFMAN,74.3,0.0,0.0,75.0,99.0,100.0,100.0
2003,KAUFMAN,87.0,0.0,0.0,73.0,99.0,100.0,100.0
2004,KAUFMAN,88.0,0.0,0.0,70.0,98.0,98.0,98.0
2005,KAUFMAN,66.5,0.0,0.0,72.0,95.0,95.0,95.0
2006,KAUFMAN,31.0,0.0,0.0,80.0,99.0,99.0,99.0
2007,KAUFMAN,81.0,0.0,0.0,70.0,98.0,98.0,98.0
2000,LAMAR,96.6,0.0,0.0,80.0,97.0,97.0,97.0
2001,LAMAR,112.3,0.0,0.0,69.0,98.0,98.0,98.0
2002,LAMAR,57.1,0.0,0.0,75.0,99.0,100.0,100.0
2003,LAMAR,114.4,0.0,0.0,73.0,99.0,100.0,100.0
2004,LAMAR,118.4,0.0,0.0,70.0,98.0,98.0,98.0
2005,LAMAR,63.5,0.0,0.0,72.0,95.0,95.0,95.0
2006,LAMAR,72.0,0.0,0.0,80.0,99.0,99.0,99.0
2007,LAMAR,146.0,0.0,0.0,70.0,98.0,98.0,98.0
2008,LAMAR,93.0,0.0,0.0,66.0,97.0,99.0,99.0
2009,LAMAR,52.1,0.0,0.0,74.0,98.0,100.0,100.0
2010,LAMAR,72.0,0.0,0.0,61.0,97.0,97.0,97.0
2011,LAMAR,78.6,0.0,0.0,66.0,98.0,100.0,100.0
2012,LAMAR,115.0,0.0,0.0,70.0,95.0,95.0,95.0
2013,LAMAR,133.2,0.0,0.0,69.0,95.0,98.0,98.0
2014,LAMAR,112.8,0.0,0.0,64.0,97.0,100.0,100.0
2015,LAMAR,64.9,2.0,20.0,56.0,83.0,100.0,100.0
2016,LAMAR,80.0,0.0,38.0,52.0,93.0,99.0,99.0
2017,LAMAR,129.4,0.0,45.0,71.0,96.0,100.0,100.0
2018,LAMAR,73.8,0.0,43.0,70.0,90.0,96.0,96.0
2019,LAMAR,105.9,0.0,51.0,65.0,93.0,100.0,100.0
2020,LAMAR,80.3,0.0,50.0,67.0,96.0,98.0,98.0
2021,LAMAR,64.3,3.0,50.0,66.0,95.0,95.0,95.0
2022,LAMAR,43.4,5.0,51.0,69.0,94.0,99.0,99.0
2000,LIBERTY,46.3,0.0,0.0,80.0,97.0,97.0,97.0
2001,LIBERTY,68.1,0.0,0.0,69.0,98.0,98.0,98.0
2002,LIBERTY,57.5,0.0,0.0,75.0,99.0,100.0,100.0
2003,LIBERTY,65.7,0.0,0.0,73.0,99.0,100.0,100.0
2004,LIBERTY,42.2,0.0,0.0,70.0,98.0,98.0,98.0
2005,LIBERTY,60.6,0.0,0.0,72.0,95.0,95.0,95.0
2006,LIBERTY,80.0,0.0,0.0,80.0,99.0,99.0,99.0
2007,LIBERTY,53.0,0.0,0.0,70.0,98.0,98.0,98.0
2010,LIBERTY,57.5,0.0,0.0,61.0,97.0,97.0,97.0
2011,LUBBOCK,151.5,0.0,0.0,66.0,98.0,100.0,100.0
2015,LUBBOCK,137.2,2.0,20.0,56.0,83.0,100.0,100.0
2016,LYNN,106.0,0.0,38.0,52.0,93.0,99.0,99.0
2019,LYNN,128.8,0.0,51.0,65.0,93.0,100.0,100.0
2020,LYNN,67.6,0.0,50.0,67.0,96.0,98.0,98.0
2000,MCCULLOCH,94.7,0.0,0.0,80.0,97.0,97.0,97.0
2002,MCCULLOCH,73.3,0.0,0.0,75.0,99.0,100.0,100.0
2010,MCCULLOCH,56.0,0.0,0.0,61.0,97.0,97.0,97.0
2000,MCLENNAN,104.1,0.0,0.0,80.0,97.0,97.0,97.0
2001,MCLENNAN,73.8,0.0,0.0,69.0,98.0,98.0,98.0
2002,MCLENNAN,67.9,0.0,0.0,75.0,99.0,100.0,100.0
2003,MCLENNAN,84.9,0.0,0.0,73.0,99.0,100.0,100.0
2004,MCLENNAN,96.0,0.0,0.0,70.0,98.0,98.0,98.0
2005,MCLENNAN,67.5,0.0,0.0,72.0,95.0,95.0,95.0
2006,MCLENNAN,71.0,0.0,0.0,80.0,99.0,99.0,99.0
2007,MCLENNAN,90.0,0.0,0.0,70.0,98.0,98.0,98.0
2008,MCLENNAN,58.0,0.0,0.0,66.0,97.0,99.0,99.0
2009,MCLENNAN,52.2,0.0,0.0,74.0,98.0,100.0,100.0
2010,MCLENNAN,78.5,0.0,0.0,61.0,97.0,97.0,97.0
2011,MCLENNAN,40.7,0.0,0.0,66.0,98.0,100.0,100.0
2012,MCLENNAN,90.1,0.0,0.0,70.0,95.0,95.0,95.0
2013,MCLENNAN,89.2,0.0,0.0,69.0,95.0,98.0,98.0
2014,MCLENNAN,106.2,0.0,0.0,64.0,97.0,100.0,100.0
2015,MCLENNAN,99.4,2.0,20.0,56.0,83.0,100.0,100.0
2016,MCLENNAN,68.5,0.0,38.0,52.0,93.0,99.0,99.0
2017,MCLENNAN,102.0,0.0,45.0,71.0,96.0,100.0,100.0
2018,MCLENNAN,62.8,0.0,43.0,70.0,90.0,96.0,96.0
2019,MCLENNAN,105.0,0.0,51.0,65.0,93.0,100.0,100.0
2020,MCLENNAN,91.2,0.0,50.0,67.0,96.0,98.0,98.0
2021,MCLENNAN,120.7,3.0,50.0,66.0,95.0,95.0,95.0
2022,MCLENNAN,61.2,5.0,51.0,69.0,94.0,99.0,99.0
2023,MCLENNAN,107.8,5.0,52.0,74.0,92.0,100.0,100.0
2024,MCLENNAN,83.6,3.0,57.0,71.0,92.0,100.0,100.0
2000,MILAM,112.0,0.0,0.0,80.0,97.0,97.0,97.0
2001,MILAM,78.0,0.0,0.0,69.0,98.0,98.0,98.0
2002,MILAM,67.7,0.0,0.0,75.0,99.0,100.0,100.0
2003,MILAM,66.8,0.0,0.0,73.0,99.0,100.0,100.0
2004,MILAM,94.4,0.0,0.0,70.0,98.0,98.0,98.0
2005,MILAM,58.7,0.0,0.0,72.0,95.0,95.0,95.0
2006,MILAM,79.0,0.0,0.0,80.0,99.0,99.0,99.0
2007,MILAM,93.0,0.0,0.0,70.0,98.0,98.0,98.0
2008,MILAM,60.0,0.0,0.0,66.0,97.0,99.0,99.0
2009,MILAM,40.5,0.0,0.0,74.0,98.0,100.0,100.0
2010,MILAM,73.8,0.0,0.0,61.0,97.0,97.0,97.0
2011,MILAM,28.7,0.0,0.0,66.0,98.0,100.0,100.0
2012,MILAM,82.3,0.0,0.0,70.0,95.0,95.0,95.0
2013,MILAM,91.8,0.0,0.0,69.0,95.0,98.0,98.0
2014,MILAM,118.8,0.0,0.0,64.0,97.0,100.0,100.0
2015,MILAM,71.6,2.0,20.0,56.0,83.0,100.0,100.0
2016,MILAM,61.4,0.0,38.0,52.0,93.0,99.0,99.0
2017,MILAM,97.1,0.0,45.0,71.0,96.0,100.0,100.0
2018,MILAM,61.8,0.0,43.0,70.0,90.0,96.0,96.0
2019,MILAM,91.4,0.0,51.0,65.0,93.0,100.0,100.0
2020,MILAM,92.3,0.0,50.0,67.0,96.0,98.0,98.0
2021,MILAM,111.9,3.0,50.0,66.0,95.0,95.0,95.0
2022,MILAM,70.0,5.0,51.0,69.0,94.0,99.0,99.0
2023,MILAM,95.2,5.0,52.0,74.0,92.0,100.0,100.0
2024,MILAM,114.6,3.0,57.0,71.0,92.0,100.0,100.0
2000,NAVARRO,113.9,0.0,0.0,80.0,97.0,97.0,97.0
2001,NAVARRO,94.6,0.0,0.0,69.0,98.0,98.0,98.0
2002,NAVARRO,90.2,0.0,0.0,75.0,99.0,100.0,100.0
2003,NAVARRO,103.2,0.0,0.0,73.0,99.0,100.0,100.0
2004,NAVARRO,86.1,0.0,0.0,70.0,98.0,98.0,98.0
2005,NAVARRO,72.7,0.0,0.0,72.0,95.0,95.0,95.0
2006,NAVARRO,73.0,0.0,0.0,80.0,99.0,99.0,99.0
2007,NAVARRO,111.0,0.0,0.0,70.0,98.0,98.0,98.0
2008,NAVARRO,54.0,0.0,0.0,66.0,97.0,99.0,99.0
2009,NAVARRO,49.9,0.0,0.0,74.0,98.0,100.0,100.0
2010,NAVARRO,90.9,0.0,0.0,61.0,97.0,97.0,97.0
2011,NAVARRO,49.3,0.0,0.0,66.0,98.0,100.0,100.0
2012,NAVARRO,137.6,0.0,0.0,70.0,95.0,95.0,95.0
2013,NAVARRO,92.3,0.0,0.0,69.0,95.0,98.0,98.0
2014,NAVARRO,119.8,0.0,0.0,64.0,97.0,100.0,100.0
2015,NAVARRO,58.2,2.0,20.0,56.0,83.0,100.0,100.0
2016,NAVARRO,74.1,0.0,38.0,52.0,93.0,99.0,99.0
2017,NAVARRO,105.3,0.0,45.0,71.0,96.0,100.0,100.0
2018,NAVARRO,65.8,0.0,43.0,70.0,90.0,96.0,96.0
2019,NAVARRO,114.3,0.0,51.0,65.0,93.0,100.0,100.0
2020,NAVARRO,101.6,0.0,50.0,67.0,96.0,98.0,98.0
2021,NAVARRO,90.6,3.0,50.0,66.0,95.0,95.0,95.0
2022,NAVARRO,64.4,5.0,51.0,69.0,94.0,99.0,99.0
2023,NAVARRO,111.6,5.0,52.0,74.0,92.0,100.0,100.0
2024,NAVARRO,93.8,3.0,57.0,71.0,92.0,100.0,100.0
2000,RED RIVER,94.6,0.0,0.0,80.0,97.0,97.0,97.0
2001,RED RIVER,119.8,0.0,0.0,69.0,98.0,98.0,98.0
2002,RED RIVER,101.3,0.0,0.0,75.0,99.0,100.0,100.0
2003,RED RIVER,120.3,0.0,0.0,73.0,99.0,100.0,100.0
2004,RED RIVER,103.4,0.0,0.0,70.0,98.0,98.0,98.0
2005,RED RIVER,60.4,0.0,0.0,72.0,95.0,95.0,95.0
2006,RED RIVER,92.0,0.0,0.0,80.0,99.0,99.0,99.0
2000,ROBERTSON,101.0,0.0,0.0,80.0,97.0,97.0,97.0
2001,ROBERTSON,97.3,0.0,0.0,69.0,98.0,98.0,98.0
2002,ROBERTSON,111.7,0.0,0.0,75.0,99.0,100.0,100.0
2003,ROBERTSON,96.8,0.0,0.0,73.0,99.0,100.0,100.0
2004,ROBERTSON,114.8,0.0,0.0,70.0,98.0,98.0,98.0
2005,ROBERTSON,115.3,0.0,0.0,72.0,95.0,95.0,95.0
2006,ROBERTSON,108.0,0.0,0.0,80.0,99.0,99.0,99.0
2007,ROBERTSON,142.0,0.0,0.0,70.0,98.0,98.0,98.0
2009,ROBERTSON,75.2,0.0,0.0,74.0,98.0,100.0,100.0
2013,ROBERTSON,114.2,0.0,0.0,69.0,95.0,98.0,98.0
2014,ROBERTSON,154.8,0.0,0.0,64.0,97.0,100.0,100.0
2018,ROBERTSON,117.0,0.0,43.0,70.0,90.0,96.0,96.0
2022,ROBERTSON,85.2,5.0,51.0,69.0,94.0,99.0,99.0
2024,ROBERTSON,119.7,3.0,57.0,71.0,92.0,100.0,100.0
2012,RUNNELS,30.3,0.0,0.0,70.0,95.0,95.0,95.0
2004,TERRY,115.8,0.0,0.0,70.0,98.0,98.0,98.0
2005,TERRY,121.0,0.0,0.0,72.0,95.0,95.0,95.0
2015,TERRY,99.1,2.0,20.0,56.0,83.0,100.0,100.0
2000,TOM GREEN,131.3,0.0,0.0,80.0,97.0,97.0,97.0
2001,TOM GREEN,123.3,0.0,0.0,69.0,98.0,98.0,98.0
2002,TOM GREEN,123.6,0.0,0.0,75.0,99.0,100.0,100.0
2003,TOM GREEN,118.3,0.0,0.0,73.0,99.0,100.0,100.0
2004,TOM GREEN,122.5,0.0,0.0,70.0,98.0,98.0,98.0
2005,TOM GREEN,180.5,0.0,0.0,72.0,95.0,95.0,95.0
2006,TOM GREEN,119.0,0.0,0.0,80.0,99.0,99.0,99.0
2007,TOM GREEN,192.0,0.0,0.0,70.0,98.0,98.0,98.0
2009,TOM GREEN,140.5,0.0,0.0,74.0,98.0,100.0,100.0
2010,TOM GREEN,133.6,0.0,0.0,61.0,97.0,97.0,97.0
2012,TOM GREEN,109.4,0.0,0.0,70.0,95.0,95.0,95.0
2013,TOM GREEN,175.0,0.0,0.0,69.0,95.0,98.0,98.0
2016,TOM GREEN,106.7,0.0,38.0,52.0,93.0,99.0,99.0
2017,TOM GREEN,141.0,0.0,45.0,71.0,96.0,100.0,100.0
2018,TOM GREEN,128.1,0.0,43.0,70.0,90.0,96.0,96.0
2019,TOM GREEN,120.6,0.0,51.0,65.0,93.0,100.0,100.0
2021,TOM GREEN,110.0,3.0,50.0,66.0,95.0,95.0,95.0
2022,TOM GREEN,105.4,5.0,51.0,69.0,94.0,99.0,99.0
2023,TOM GREEN,113.9,5.0,52.0,74.0,92.0,100.0,100.0
2000,WILLIAMSON,88.3,0.0,0.0,80.0,97.0,97.0,97.0
2001,WILLIAMSON,88.9,0.0,0.0,69.0,98.0,98.0,98.0
2002,WILLIAMSON,55.0,0.0,0.0,75.0,99.0,100.0,100.0
2003,WILLIAMSON,66.0,0.0,0.0,73.0,99.0,100.0,100.0
2004,WILLIAMSON,96.9,0.0,0.0,70.0,98.0,98.0,98.0
2005,WILLIAMSON,75.2,0.0,0.0,72.0,95.0,95.0,95.0
2006,WILLIAMSON,60.0,0.0,0.0,80.0,99.0,99.0,99.0
2007,WILLIAMSON,103.0,0.0,0.0,70.0,98.0,98.0,98.0
2008,WILLIAMSON,59.0,0.0,0.0,66.0,97.0,99.0,99.0
2009,WILLIAMSON,47.6,0.0,0.0,74.0,98.0,100.0,100.0
2010,WILLIAMSON,90.3,0.0,0.0,61.0,97.0,97.0,97.0
2011,WILLIAMSON,19.8,0.0,0.0,66.0,98.0,100.0,100.0
2012,WILLIAMSON,84.4,0.0,0.0,70.0,95.0,95.0,95.0
2013,WILLIAMSON,80.8,0.0,0.0,69.0,95.0,98.0,98.0
2014,WILLIAMSON,99.9,0.0,0.0,64.0,97.0,100.0,100.0
2015,WILLIAMSON,69.5,2.0,20.0,56.0,83.0,100.0,100.0
2016,WILLIAMSON,65.7,0.0,38.0,52.0,93.0,99.0,99.0
2017,WILLIAMSON,94.3,0.0,45.0,71.0,96.0,100.0,100.0
2018,WILLIAMSON,63.5,0.0,43.0,70.0,90.0,96.0,96.0
2019,WILLIAMSON,100.6,0.0,51.0,65.0,93.0,100.0,100.0
2020,WILLIAMSON,87.7,0.0,50.0,67.0,96.0,98.0,98.0
2021,WILLIAMSON,98.2,3.0,50.0,66.0,95.0,95.0,95.0
2022,WILLIAMSON,52.2,5.0,51.0,69.0,94.0,99.0,99.0
2023,WILLIAMSON,101.6,5.0,52.0,74.0,92.0,100.0,100.0
2024,WILLIAMSON,94.3,3.0,57.0,71.0,92.0,100.0,100.0
2004,WISE,60.0,0.0,0.0,70.0,98.0,98.0,98.0
2006,WISE,60.0,0.0,0.0,80.0,99.0,99.0,99.0
