Year,County,Yield_Bu_Acre,PCT_PLANTED_April,PCT_PLANTED_February,PCT_PLANTED_June,PCT_PLANTED_March,PCT_PLANTED_May
2019,OTHER (COMBINED) COUNTIES,177.7,65.0,65.0,100.0,51.0,93.0
2018,OTHER (COMBINED) COUNTIES,167.0,70.0,70.0,96.0,43.0,90.0
2017,OTHER (COMBINED) COUNTIES,198.6,71.0,71.0,100.0,45.0,96.0
2016,OTHER (COMBINED) COUNTIES,199.2,52.0,52.0,99.0,38.0,93.0
2015,OTHER (COMBINED) COUNTIES,202.7,56.0,2.0,100.0,20.0,83.0
2014,OTHER (COMBINED) COUNTIES,207.2,64.0,64.0,100.0,100.0,97.0
2013,OTHER (COMBINED) COUNTIES,210.2,69.0,69.0,98.0,98.0,95.0
2012,OTHER (COMBINED) COUNTIES,191.7,70.0,70.0,70.0,70.0,95.0
2011,OTHER (COMBINED) COUNTIES,142.0,66.0,66.0,100.0,100.0,98.0
2010,OTHER (COMBINED) COUNTIES,171.1,61.0,61.0,61.0,61.0,97.0
2009,OTHER (COMBINED) COUNTIES,206.4,74.0,74.0,100.0,100.0,98.0
2008,OTHER (COMBINED) COUNTIES,176.0,66.0,66.0,99.0,99.0,97.0
2007,OTHER (COMBINED) COUNTIES,170.0,70.0,70.0,70.0,70.0,98.0
2006,OTHER (COMBINED) COUNTIES,183.0,80.0,80.0,80.0,80.0,99.0
2005,OTHER (COMBINED) COUNTIES,176.4,72.0,72.0,72.0,72.0,95.0
2004,OTHER (COMBINED) COUNTIES,149.2,70.0,70.0,70.0,70.0,98.0
2003,OTHER (COMBINED) COUNTIES,133.3,73.0,73.0,100.0,100.0,99.0
2002,OTHER (COMBINED) COUNTIES,184.3,75.0,75.0,100.0,100.0,99.0
2001,OTHER (COMBINED) COUNTIES,154.4,69.0,69.0,69.0,69.0,98.0
2000,OTHER (COMBINED) COUNTIES,155.0,80.0,80.0,80.0,80.0,97.0
2017,ARMSTRONG,150.9,71.0,71.0,100.0,45.0,96.0
2016,ARMSTRONG,176.3,52.0,52.0,99.0,38.0,93.0
2015,ARMSTRONG,193.2,56.0,2.0,100.0,20.0,83.0
2014,ARMSTRONG,177.9,64.0,64.0,100.0,100.0,97.0
2013,ARMSTRONG,188.7,69.0,69.0,98.0,98.0,95.0
2007,ARMSTRONG,192.0,70.0,70.0,70.0,70.0,98.0
2017,BRISCOE,176.5,71.0,71.0,100.0,45.0,96.0
2016,BRISCOE,93.9,52.0,52.0,99.0,38.0,93.0
2015,BRISCOE,108.1,56.0,2.0,100.0,20.0,83.0
2010,BRISCOE,119.4,61.0,61.0,61.0,61.0,97.0
2009,BRISCOE,111.7,74.0,74.0,100.0,100.0,98.0
2007,BRISCOE,135.0,70.0,70.0,70.0,70.0,98.0
2006,BRISCOE,189.0,80.0,80.0,80.0,80.0,99.0
2005,BRISCOE,105.9,72.0,72.0,72.0,72.0,95.0
2004,BRISCOE,183.9,70.0,70.0,70.0,70.0,98.0
2025,CARSON,216.3,74.0,74.0,97.0,55.0,93.0
2024,CARSON,186.2,71.0,3.0,100.0,57.0,92.0
2021,CARSON,220.4,66.0,3.0,3.0,50.0,95.0
2019,CARSON,177.3,65.0,65.0,100.0,51.0,93.0
2017,CARSON,187.8,71.0,71.0,100.0,45.0,96.0
2016,CARSON,168.5,52.0,52.0,99.0,38.0,93.0
2015,CARSON,204.6,56.0,2.0,100.0,20.0,83.0
2013,CARSON,204.7,69.0,69.0,98.0,98.0,95.0
2012,CARSON,181.4,70.0,70.0,70.0,70.0,95.0
2011,CARSON,114.5,66.0,66.0,100.0,100.0,98.0
2010,CARSON,209.6,61.0,61.0,61.0,61.0,97.0
2009,CARSON,180.9,74.0,74.0,100.0,100.0,98.0
2008,CARSON,182.0,66.0,66.0,99.0,99.0,97.0
2007,CARSON,217.0,70.0,70.0,70.0,70.0,98.0
2006,CARSON,171.0,80.0,80.0,80.0,80.0,99.0
2005,CARSON,187.9,72.0,72.0,72.0,72.0,95.0
2004,CARSON,186.5,70.0,70.0,70.0,70.0,98.0
2003,CARSON,187.5,73.0,73.0,100.0,100.0,99.0
2002,CARSON,180.8,75.0,75.0,100.0,100.0,99.0
2001,CARSON,155.8,69.0,69.0,69.0,69.0,98.0
2000,CARSON,165.3,80.0,80.0,80.0,80.0,97.0
2017,CASTRO,207.4,71.0,71.0,100.0,45.0,96.0
2015,CASTRO,205.7,56.0,2.0,100.0,20.0,83.0
2014,CASTRO,218.1,64.0,64.0,100.0,100.0,97.0
2013,CASTRO,216.7,69.0,69.0,98.0,98.0,95.0
2012,CASTRO,196.0,70.0,70.0,70.0,70.0,95.0
2011,CASTRO,141.6,66.0,66.0,100.0,100.0,98.0
2010,CASTRO,223.3,61.0,61.0,61.0,61.0,97.0
2009,CASTRO,198.6,74.0,74.0,100.0,100.0,98.0
2008,CASTRO,208.0,66.0,66.0,99.0,99.0,97.0
2007,CASTRO,213.0,70.0,70.0,70.0,70.0,98.0
2006,CASTRO,203.0,80.0,80.0,80.0,80.0,99.0
2005,CASTRO,205.4,72.0,72.0,72.0,72.0,95.0
2004,CASTRO,201.5,70.0,70.0,70.0,70.0,98.0
2003,CASTRO,204.6,73.0,73.0,100.0,100.0,99.0
2002,CASTRO,218.0,75.0,75.0,100.0,100.0,99.0
2001,CASTRO,179.2,69.0,69.0,69.0,69.0,98.0
2000,CASTRO,172.0,80.0,80.0,80.0,80.0,97.0
2025,DALLAM,181.9,74.0,74.0,97.0,55.0,93.0
2024,DALLAM,163.4,71.0,3.0,100.0,57.0,92.0
2023,DALLAM,127.4,74.0,5.0,100.0,52.0,92.0
2022,DALLAM,128.7,69.0,5.0,99.0,51.0,94.0
2021,DALLAM,149.3,66.0,3.0,3.0,50.0,95.0
2020,DALLAM,200.7,67.0,67.0,98.0,50.0,96.0
2018,DALLAM,176.9,70.0,70.0,96.0,43.0,90.0
2017,DALLAM,207.6,71.0,71.0,100.0,45.0,96.0
2016,DALLAM,198.4,52.0,52.0,99.0,38.0,93.0
2015,DALLAM,213.7,56.0,2.0,100.0,20.0,83.0
2014,DALLAM,223.7,64.0,64.0,100.0,100.0,97.0
2012,DALLAM,178.0,70.0,70.0,70.0,70.0,95.0
2011,DALLAM,120.0,66.0,66.0,100.0,100.0,98.0
2010,DALLAM,205.1,61.0,61.0,61.0,61.0,97.0
2009,DALLAM,198.6,74.0,74.0,100.0,100.0,98.0
2008,DALLAM,175.0,66.0,66.0,99.0,99.0,97.0
2007,DALLAM,197.0,70.0,70.0,70.0,70.0,98.0
2006,DALLAM,182.0,80.0,80.0,80.0,80.0,99.0
2005,DALLAM,177.5,72.0,72.0,72.0,72.0,95.0
2004,DALLAM,221.9,70.0,70.0,70.0,70.0,98.0
2003,DALLAM,194.7,73.0,73.0,100.0,100.0,99.0
2002,DALLAM,196.1,75.0,75.0,100.0,100.0,99.0
2001,DALLAM,189.3,69.0,69.0,69.0,69.0,98.0
2000,DALLAM,166.2,80.0,80.0,80.0,80.0,97.0
2025,DEAF SMITH,211.2,74.0,74.0,97.0,55.0,93.0
2024,DEAF SMITH,142.0,71.0,3.0,100.0,57.0,92.0
2023,DEAF SMITH,173.2,74.0,5.0,100.0,52.0,92.0
2022,DEAF SMITH,168.0,69.0,5.0,99.0,51.0,94.0
2021,DEAF SMITH,194.7,66.0,3.0,3.0,50.0,95.0
2020,DEAF SMITH,155.2,67.0,67.0,98.0,50.0,96.0
2019,DEAF SMITH,169.7,65.0,65.0,100.0,51.0,93.0
2017,DEAF SMITH,203.3,71.0,71.0,100.0,45.0,96.0
2016,DEAF SMITH,165.0,52.0,52.0,99.0,38.0,93.0
2015,DEAF SMITH,163.7,56.0,2.0,100.0,20.0,83.0
2014,DEAF SMITH,209.3,64.0,64.0,100.0,100.0,97.0
2013,DEAF SMITH,198.5,69.0,69.0,98.0,98.0,95.0
2012,DEAF SMITH,151.1,70.0,70.0,70.0,70.0,95.0
2011,DEAF SMITH,105.1,66.0,66.0,100.0,100.0,98.0
2010,DEAF SMITH,202.2,61.0,61.0,61.0,61.0,97.0
2009,DEAF SMITH,180.8,74.0,74.0,100.0,100.0,98.0
2008,DEAF SMITH,178.0,66.0,66.0,99.0,99.0,97.0
2007,DEAF SMITH,196.0,70.0,70.0,70.0,70.0,98.0
2006,DEAF SMITH,162.0,80.0,80.0,80.0,80.0,99.0
2005,DEAF SMITH,159.9,72.0,72.0,72.0,72.0,95.0
2004,DEAF SMITH,188.4,70.0,70.0,70.0,70.0,98.0
2003,DEAF SMITH,166.7,73.0,73.0,100.0,100.0,99.0
2002,DEAF SMITH,174.9,75.0,75.0,100.0,100.0,99.0
2001,DEAF SMITH,128.1,69.0,69.0,69.0,69.0,98.0
2000,DEAF SMITH,166.1,80.0,80.0,80.0,80.0,97.0
2025,FLOYD,161.7,74.0,74.0,97.0,55.0,93.0
2024,FLOYD,99.6,71.0,3.0,100.0,57.0,92.0
2019,FLOYD,130.6,65.0,65.0,100.0,51.0,93.0
2018,FLOYD,144.5,70.0,70.0,96.0,43.0,90.0
2017,FLOYD,183.5,71.0,71.0,100.0,45.0,96.0
2016,FLOYD,152.2,52.0,52.0,99.0,38.0,93.0
2015,FLOYD,148.5,56.0,2.0,100.0,20.0,83.0
2014,FLOYD,165.7,64.0,64.0,100.0,100.0,97.0
2013,FLOYD,195.3,69.0,69.0,98.0,98.0,95.0
2012,FLOYD,144.6,70.0,70.0,70.0,70.0,95.0
2011,FLOYD,114.1,66.0,66.0,100.0,100.0,98.0
2010,FLOYD,188.7,61.0,61.0,61.0,61.0,97.0
2009,FLOYD,174.8,74.0,74.0,100.0,100.0,98.0
2008,FLOYD,146.0,66.0,66.0,99.0,99.0,97.0
2007,FLOYD,176.0,70.0,70.0,70.0,70.0,98.0
2006,FLOYD,124.0,80.0,80.0,80.0,80.0,99.0
2005,FLOYD,162.3,72.0,72.0,72.0,72.0,95.0
2004,FLOYD,152.4,70.0,70.0,70.0,70.0,98.0
2003,FLOYD,174.6,73.0,73.0,100.0,100.0,99.0
2002,FLOYD,189.8,75.0,75.0,100.0,100.0,99.0
2001,FLOYD,124.8,69.0,69.0,69.0,69.0,98.0
2000,FLOYD,157.7,80.0,80.0,80.0,80.0,97.0
2025,GRAY,154.3,74.0,74.0,97.0,55.0,93.0
2024,GRAY,215.0,71.0,3.0,100.0,57.0,92.0
2022,GRAY,165.0,69.0,5.0,99.0,51.0,94.0
2021,GRAY,213.7,66.0,3.0,3.0,50.0,95.0
2020,GRAY,179.1,67.0,67.0,98.0,50.0,96.0
2019,GRAY,141.1,65.0,65.0,100.0,51.0,93.0
2018,GRAY,157.1,70.0,70.0,96.0,43.0,90.0
2017,GRAY,201.6,71.0,71.0,100.0,45.0,96.0
2015,GRAY,193.5,56.0,2.0,100.0,20.0,83.0
2014,GRAY,212.1,64.0,64.0,100.0,100.0,97.0
2012,GRAY,197.3,70.0,70.0,70.0,70.0,95.0
2010,GRAY,195.8,61.0,61.0,61.0,61.0,97.0
2009,GRAY,178.4,74.0,74.0,100.0,100.0,98.0
2007,GRAY,206.0,70.0,70.0,70.0,70.0,98.0
2006,GRAY,174.0,80.0,80.0,80.0,80.0,99.0
2005,GRAY,176.8,72.0,72.0,72.0,72.0,95.0
2004,GRAY,193.9,70.0,70.0,70.0,70.0,98.0
2003,GRAY,188.1,73.0,73.0,100.0,100.0,99.0
2002,GRAY,172.2,75.0,75.0,100.0,100.0,99.0
2001,GRAY,164.7,69.0,69.0,69.0,69.0,98.0
2000,GRAY,168.3,80.0,80.0,80.0,80.0,97.0
2023,HALE,119.0,74.0,5.0,100.0,52.0,92.0
2022,HALE,114.3,69.0,5.0,99.0,51.0,94.0
2021,HALE,143.3,66.0,3.0,3.0,50.0,95.0
2020,HALE,141.7,67.0,67.0,98.0,50.0,96.0
2018,HALE,139.7,70.0,70.0,96.0,43.0,90.0
2017,HALE,178.7,71.0,71.0,100.0,45.0,96.0
2016,HALE,137.6,52.0,52.0,99.0,38.0,93.0
2015,HALE,147.8,56.0,2.0,100.0,20.0,83.0
2014,HALE,184.4,64.0,64.0,100.0,100.0,97.0
2013,HALE,182.2,69.0,69.0,98.0,98.0,95.0
2012,HALE,172.6,70.0,70.0,70.0,70.0,95.0
2011,HALE,129.9,66.0,66.0,100.0,100.0,98.0
2010,HALE,191.8,61.0,61.0,61.0,61.0,97.0
2009,HALE,172.6,74.0,74.0,100.0,100.0,98.0
2008,HALE,166.0,66.0,66.0,99.0,99.0,97.0
2007,HALE,195.0,70.0,70.0,70.0,70.0,98.0
2006,HALE,149.0,80.0,80.0,80.0,80.0,99.0
2005,HALE,178.8,72.0,72.0,72.0,72.0,95.0
2004,HALE,190.3,70.0,70.0,70.0,70.0,98.0
2003,HALE,168.5,73.0,73.0,100.0,100.0,99.0
2002,HALE,177.7,75.0,75.0,100.0,100.0,99.0
2001,HALE,142.3,69.0,69.0,69.0,69.0,98.0
2000,HALE,159.5,80.0,80.0,80.0,80.0,97.0
2025,HANSFORD,224.1,74.0,74.0,97.0,55.0,93.0
2024,HANSFORD,204.5,71.0,3.0,100.0,57.0,92.0
2020,HANSFORD,205.9,67.0,67.0,98.0,50.0,96.0
2019,HANSFORD,182.4,65.0,65.0,100.0,51.0,93.0
2018,HANSFORD,200.9,70.0,70.0,96.0,43.0,90.0
2017,HANSFORD,205.1,71.0,71.0,100.0,45.0,96.0
2016,HANSFORD,202.9,52.0,52.0,99.0,38.0,93.0
2014,HANSFORD,212.7,64.0,64.0,100.0,100.0,97.0
2012,HANSFORD,177.4,70.0,70.0,70.0,70.0,95.0
2010,HANSFORD,218.6,61.0,61.0,61.0,61.0,97.0
2008,HANSFORD,211.0,66.0,66.0,99.0,99.0,97.0
2007,HANSFORD,195.0,70.0,70.0,70.0,70.0,98.0
2006,HANSFORD,184.0,80.0,80.0,80.0,80.0,99.0
2005,HANSFORD,189.9,72.0,72.0,72.0,72.0,95.0
2004,HANSFORD,208.5,70.0,70.0,70.0,70.0,98.0
2003,HANSFORD,198.7,73.0,73.0,100.0,100.0,99.0
2002,HANSFORD,215.9,75.0,75.0,100.0,100.0,99.0
2001,HANSFORD,161.0,69.0,69.0,69.0,69.0,98.0
2000,HANSFORD,177.9,80.0,80.0,80.0,80.0,97.0
2021,HARTLEY,178.6,66.0,3.0,3.0,50.0,95.0
2019,HARTLEY,213.9,65.0,65.0,100.0,51.0,93.0
2013,HARTLEY,222.8,69.0,69.0,98.0,98.0,95.0
2012,HARTLEY,190.6,70.0,70.0,70.0,70.0,95.0
2010,HARTLEY,204.4,61.0,61.0,61.0,61.0,97.0
2009,HARTLEY,224.2,74.0,74.0,100.0,100.0,98.0
2008,HARTLEY,198.0,66.0,66.0,99.0,99.0,97.0
2007,HARTLEY,221.0,70.0,70.0,70.0,70.0,98.0
2006,HARTLEY,208.0,80.0,80.0,80.0,80.0,99.0
2005,HARTLEY,196.4,72.0,72.0,72.0,72.0,95.0
2004,HARTLEY,194.4,70.0,70.0,70.0,70.0,98.0
2003,HARTLEY,192.6,73.0,73.0,100.0,100.0,99.0
2002,HARTLEY,214.2,75.0,75.0,100.0,100.0,99.0
2001,HARTLEY,190.6,69.0,69.0,69.0,69.0,98.0
2000,HARTLEY,182.5,80.0,80.0,80.0,80.0,97.0
2022,HUTCHINSON,177.5,69.0,5.0,99.0,51.0,94.0
2021,HUTCHINSON,219.5,66.0,3.0,3.0,50.0,95.0
2020,HUTCHINSON,215.6,67.0,67.0,98.0,50.0,96.0
2019,HUTCHINSON,178.6,65.0,65.0,100.0,51.0,93.0
2018,HUTCHINSON,178.9,70.0,70.0,96.0,43.0,90.0
2017,HUTCHINSON,211.0,71.0,71.0,100.0,45.0,96.0
2016,HUTCHINSON,212.2,52.0,52.0,99.0,38.0,93.0
2014,HUTCHINSON,197.3,64.0,64.0,100.0,100.0,97.0
2013,HUTCHINSON,205.3,69.0,69.0,98.0,98.0,95.0
2012,HUTCHINSON,170.5,70.0,70.0,70.0,70.0,95.0
2011,HUTCHINSON,158.6,66.0,66.0,100.0,100.0,98.0
2010,HUTCHINSON,204.3,61.0,61.0,61.0,61.0,97.0
2009,HUTCHINSON,184.1,74.0,74.0,100.0,100.0,98.0
2008,HUTCHINSON,191.0,66.0,66.0,99.0,99.0,97.0
2007,HUTCHINSON,219.0,70.0,70.0,70.0,70.0,98.0
2006,HUTCHINSON,198.0,80.0,80.0,80.0,80.0,99.0
2005,HUTCHINSON,208.8,72.0,72.0,72.0,72.0,95.0
2004,HUTCHINSON,207.5,70.0,70.0,70.0,70.0,98.0
2003,HUTCHINSON,196.8,73.0,73.0,100.0,100.0,99.0
2002,HUTCHINSON,210.5,75.0,75.0,100.0,100.0,99.0
2001,HUTCHINSON,190.2,69.0,69.0,69.0,69.0,98.0
2000,HUTCHINSON,171.1,80.0,80.0,80.0,80.0,97.0
2025,LIPSCOMB,222.0,74.0,74.0,97.0,55.0,93.0
2021,LIPSCOMB,174.8,66.0,3.0,3.0,50.0,95.0
2007,LIPSCOMB,198.0,70.0,70.0,70.0,70.0,98.0
2006,LIPSCOMB,179.0,80.0,80.0,80.0,80.0,99.0
2005,LIPSCOMB,182.5,72.0,72.0,72.0,72.0,95.0
2004,LIPSCOMB,195.5,70.0,70.0,70.0,70.0,98.0
2003,LIPSCOMB,198.0,73.0,73.0,100.0,100.0,99.0
2002,LIPSCOMB,203.2,75.0,75.0,100.0,100.0,99.0
2001,LIPSCOMB,182.2,69.0,69.0,69.0,69.0,98.0
2000,LIPSCOMB,169.0,80.0,80.0,80.0,80.0,97.0
2025,MOORE,226.9,74.0,74.0,97.0,55.0,93.0
2024,MOORE,199.0,71.0,3.0,100.0,57.0,92.0
2022,MOORE,145.8,69.0,5.0,99.0,51.0,94.0
2021,MOORE,217.0,66.0,3.0,3.0,50.0,95.0
2020,MOORE,181.5,67.0,67.0,98.0,50.0,96.0
2019,MOORE,192.3,65.0,65.0,100.0,51.0,93.0
2018,MOORE,192.9,70.0,70.0,96.0,43.0,90.0
2017,MOORE,211.7,71.0,71.0,100.0,45.0,96.0
2016,MOORE,209.5,52.0,52.0,99.0,38.0,93.0
2015,MOORE,217.6,56.0,2.0,100.0,20.0,83.0
2014,MOORE,218.5,64.0,64.0,100.0,100.0,97.0
2013,MOORE,220.5,69.0,69.0,98.0,98.0,95.0
2012,MOORE,169.6,70.0,70.0,70.0,70.0,95.0
2011,MOORE,154.0,66.0,66.0,100.0,100.0,98.0
2010,MOORE,233.2,61.0,61.0,61.0,61.0,97.0
2009,MOORE,213.9,74.0,74.0,100.0,100.0,98.0
2008,MOORE,211.0,66.0,66.0,99.0,99.0,97.0
2007,MOORE,223.0,70.0,70.0,70.0,70.0,98.0
2006,MOORE,198.0,80.0,80.0,80.0,80.0,99.0
2005,MOORE,197.1,72.0,72.0,72.0,72.0,95.0
2004,MOORE,206.1,70.0,70.0,70.0,70.0,98.0
2003,MOORE,201.8,73.0,73.0,100.0,100.0,99.0
2002,MOORE,212.0,75.0,75.0,100.0,100.0,99.0
2001,MOORE,184.4,69.0,69.0,69.0,69.0,98.0
2000,MOORE,167.3,80.0,80.0,80.0,80.0,97.0
2023,OCHILTREE,178.0,74.0,5.0,100.0,52.0,92.0
2022,OCHILTREE,183.5,69.0,5.0,99.0,51.0,94.0
2021,OCHILTREE,226.2,66.0,3.0,3.0,50.0,95.0
2020,OCHILTREE,200.7,67.0,67.0,98.0,50.0,96.0
2019,OCHILTREE,191.7,65.0,65.0,100.0,51.0,93.0
2018,OCHILTREE,170.9,70.0,70.0,96.0,43.0,90.0
2017,OCHILTREE,190.7,71.0,71.0,100.0,45.0,96.0
2016,OCHILTREE,203.3,52.0,52.0,99.0,38.0,93.0
2015,OCHILTREE,196.6,56.0,2.0,100.0,20.0,83.0
2014,OCHILTREE,210.1,64.0,64.0,100.0,100.0,97.0
2013,OCHILTREE,201.9,69.0,69.0,98.0,98.0,95.0
2011,OCHILTREE,135.3,66.0,66.0,100.0,100.0,98.0
2010,OCHILTREE,198.3,61.0,61.0,61.0,61.0,97.0
2009,OCHILTREE,203.2,74.0,74.0,100.0,100.0,98.0
2008,OCHILTREE,216.0,66.0,66.0,99.0,99.0,97.0
2007,OCHILTREE,206.0,70.0,70.0,70.0,70.0,98.0
2006,OCHILTREE,193.0,80.0,80.0,80.0,80.0,99.0
2005,OCHILTREE,229.4,72.0,72.0,72.0,72.0,95.0
2004,OCHILTREE,216.7,70.0,70.0,70.0,70.0,98.0
2003,OCHILTREE,198.4,73.0,73.0,100.0,100.0,99.0
2002,OCHILTREE,204.3,75.0,75.0,100.0,100.0,99.0
2001,OCHILTREE,148.7,69.0,69.0,69.0,69.0,98.0
2000,OCHILTREE,155.2,80.0,80.0,80.0,80.0,97.0
2015,OLDHAM,187.1,56.0,2.0,100.0,20.0,83.0
2011,OLDHAM,69.3,66.0,66.0,100.0,100.0,98.0
2024,PARMER,120.5,71.0,3.0,100.0,57.0,92.0
2023,PARMER,168.6,74.0,5.0,100.0,52.0,92.0
2022,PARMER,89.6,69.0,5.0,99.0,51.0,94.0
2016,PARMER,153.7,52.0,52.0,99.0,38.0,93.0
2015,PARMER,147.4,56.0,2.0,100.0,20.0,83.0
2014,PARMER,212.4,64.0,64.0,100.0,100.0,97.0
2013,PARMER,179.1,69.0,69.0,98.0,98.0,95.0
2012,PARMER,182.2,70.0,70.0,70.0,70.0,95.0
2011,PARMER,141.3,66.0,66.0,100.0,100.0,98.0
2010,PARMER,205.5,61.0,61.0,61.0,61.0,97.0
2009,PARMER,207.4,74.0,74.0,100.0,100.0,98.0
2008,PARMER,174.0,66.0,66.0,99.0,99.0,97.0
2007,PARMER,200.0,70.0,70.0,70.0,70.0,98.0
2006,PARMER,188.0,80.0,80.0,80.0,80.0,99.0
2005,PARMER,184.8,72.0,72.0,72.0,72.0,95.0
2004,PARMER,225.8,70.0,70.0,70.0,70.0,98.0
2003,PARMER,200.0,73.0,73.0,100.0,100.0,99.0
2002,PARMER,199.7,75.0,75.0,100.0,100.0,99.0
2001,PARMER,190.7,69.0,69.0,69.0,69.0,98.0
2000,PARMER,184.2,80.0,80.0,80.0,80.0,97.0
2012,POTTER,96.6,70.0,70.0,70.0,70.0,95.0
2019,RANDALL,176.9,65.0,65.0,100.0,51.0,93.0
2017,RANDALL,136.4,71.0,71.0,100.0,45.0,96.0
2016,RANDALL,198.0,52.0,52.0,99.0,38.0,93.0
2015,RANDALL,143.7,56.0,2.0,100.0,20.0,83.0
2014,RANDALL,201.1,64.0,64.0,100.0,100.0,97.0
2013,RANDALL,143.0,69.0,69.0,98.0,98.0,95.0
2012,RANDALL,127.6,70.0,70.0,70.0,70.0,95.0
2010,RANDALL,162.5,61.0,61.0,61.0,61.0,97.0
2005,RANDALL,193.3,72.0,72.0,72.0,72.0,95.0
2004,RANDALL,210.0,70.0,70.0,70.0,70.0,98.0
2003,RANDALL,150.0,73.0,73.0,100.0,100.0,99.0
2002,RANDALL,145.6,75.0,75.0,100.0,100.0,99.0
2001,RANDALL,186.9,69.0,69.0,69.0,69.0,98.0
2000,RANDALL,118.8,80.0,80.0,80.0,80.0,97.0
2017,ROBERTS,217.4,71.0,71.0,100.0,45.0,96.0
2006,ROBERTS,198.0,80.0,80.0,80.0,80.0,99.0
2005,ROBERTS,208.4,72.0,72.0,72.0,72.0,95.0
2004,ROBERTS,208.6,70.0,70.0,70.0,70.0,98.0
2003,ROBERTS,190.5,73.0,73.0,100.0,100.0,99.0
2002,ROBERTS,203.2,75.0,75.0,100.0,100.0,99.0
2001,ROBERTS,173.9,69.0,69.0,69.0,69.0,98.0
2000,ROBERTS,184.0,80.0,80.0,80.0,80.0,97.0
2025,SHERMAN,219.0,74.0,74.0,97.0,55.0,93.0
2024,SHERMAN,196.2,71.0,3.0,100.0,57.0,92.0
2023,SHERMAN,194.5,74.0,5.0,100.0,52.0,92.0
2022,SHERMAN,173.6,69.0,5.0,99.0,51.0,94.0
2021,SHERMAN,209.6,66.0,3.0,3.0,50.0,95.0
2020,SHERMAN,205.0,67.0,67.0,98.0,50.0,96.0
2019,SHERMAN,198.8,65.0,65.0,100.0,51.0,93.0
2018,SHERMAN,179.1,70.0,70.0,96.0,43.0,90.0
2017,SHERMAN,220.9,71.0,71.0,100.0,45.0,96.0
2016,SHERMAN,220.8,52.0,52.0,99.0,38.0,93.0
2015,SHERMAN,219.4,56.0,2.0,100.0,20.0,83.0
2014,SHERMAN,212.3,64.0,64.0,100.0,100.0,97.0
2013,SHERMAN,206.5,69.0,69.0,98.0,98.0,95.0
2012,SHERMAN,199.1,70.0,70.0,70.0,70.0,95.0
2011,SHERMAN,129.0,66.0,66.0,100.0,100.0,98.0
2010,SHERMAN,222.8,61.0,61.0,61.0,61.0,97.0
2009,SHERMAN,206.9,74.0,74.0,100.0,100.0,98.0
2008,SHERMAN,208.0,66.0,66.0,99.0,99.0,97.0
2007,SHERMAN,221.0,70.0,70.0,70.0,70.0,98.0
2006,SHERMAN,198.0,80.0,80.0,80.0,80.0,99.0
2005,SHERMAN,195.4,72.0,72.0,72.0,72.0,95.0
2004,SHERMAN,205.3,70.0,70.0,70.0,70.0,98.0
2003,SHERMAN,199.9,73.0,73.0,100.0,100.0,99.0
2002,SHERMAN,202.6,75.0,75.0,100.0,100.0,99.0
2001,SHERMAN,168.1,69.0,69.0,69.0,69.0,98.0
2000,SHERMAN,177.0,80.0,80.0,80.0,80.0,97.0
2021,SWISHER,188.0,66.0,3.0,3.0,50.0,95.0
2020,SWISHER,150.0,67.0,67.0,98.0,50.0,96.0
2019,SWISHER,113.6,65.0,65.0,100.0,51.0,93.0
2015,SWISHER,155.0,56.0,2.0,100.0,20.0,83.0
2014,SWISHER,181.9,64.0,64.0,100.0,100.0,97.0
2013,SWISHER,162.2,69.0,69.0,98.0,98.0,95.0
2012,SWISHER,145.2,70.0,70.0,70.0,70.0,95.0
2011,SWISHER,106.0,66.0,66.0,100.0,100.0,98.0
2010,SWISHER,189.3,61.0,61.0,61.0,61.0,97.0
2009,SWISHER,183.6,74.0,74.0,100.0,100.0,98.0
2008,SWISHER,162.0,66.0,66.0,99.0,99.0,97.0
2007,SWISHER,200.0,70.0,70.0,70.0,70.0,98.0
2006,SWISHER,207.0,80.0,80.0,80.0,80.0,99.0
2005,SWISHER,186.4,72.0,72.0,72.0,72.0,95.0
2004,SWISHER,151.9,70.0,70.0,70.0,70.0,98.0
2003,SWISHER,190.7,73.0,73.0,100.0,100.0,99.0
2002,SWISHER,199.5,75.0,75.0,100.0,100.0,99.0
2001,SWISHER,122.6,69.0,69.0,69.0,69.0,98.0
2000,SWISHER,153.4,80.0,80.0,80.0,80.0,97.0
2019,OTHER (COMBINED) COUNTIES,70.6,65.0,65.0,100.0,51.0,93.0
2017,OTHER (COMBINED) COUNTIES,120.5,71.0,71.0,100.0,45.0,96.0
2016,OTHER (COMBINED) COUNTIES,103.9,52.0,52.0,99.0,38.0,93.0
2015,OTHER (COMBINED) COUNTIES,105.5,56.0,2.0,100.0,20.0,83.0
2014,OTHER (COMBINED) COUNTIES,153.9,64.0,64.0,100.0,100.0,97.0
2013,OTHER (COMBINED) COUNTIES,157.5,69.0,69.0,98.0,98.0,95.0
2012,OTHER (COMBINED) COUNTIES,110.9,70.0,70.0,70.0,70.0,95.0
2011,OTHER (COMBINED) COUNTIES,139.0,66.0,66.0,100.0,100.0,98.0
2010,OTHER (COMBINED) COUNTIES,193.4,61.0,61.0,61.0,61.0,97.0
2009,OTHER (COMBINED) COUNTIES,123.8,74.0,74.0,100.0,100.0,98.0
2008,OTHER (COMBINED) COUNTIES,119.0,66.0,66.0,99.0,99.0,97.0
2007,OTHER (COMBINED) COUNTIES,172.0,70.0,70.0,70.0,70.0,98.0
2006,OTHER (COMBINED) COUNTIES,205.0,80.0,80.0,80.0,80.0,99.0
2005,OTHER (COMBINED) COUNTIES,139.3,72.0,72.0,72.0,72.0,95.0
2004,OTHER (COMBINED) COUNTIES,140.0,70.0,70.0,70.0,70.0,98.0
2003,OTHER (COMBINED) COUNTIES,130.0,73.0,73.0,100.0,100.0,99.0
2002,OTHER (COMBINED) COUNTIES,156.4,75.0,75.0,100.0,100.0,99.0
2001,OTHER (COMBINED) COUNTIES,142.9,69.0,69.0,69.0,69.0,98.0
2000,OTHER (COMBINED) COUNTIES,126.7,80.0,80.0,80.0,80.0,97.0
2016,BAILEY,57.1,52.0,52.0,99.0,38.0,93.0
2014,BAILEY,150.5,64.0,64.0,100.0,100.0,97.0
2009,BAILEY,185.6,74.0,74.0,100.0,100.0,98.0
2006,BAILEY,166.0,80.0,80.0,80.0,80.0,99.0
2005,BAILEY,224.1,72.0,72.0,72.0,72.0,95.0
2004,BAILEY,180.5,70.0,70.0,70.0,70.0,98.0
2003,BAILEY,165.3,73.0,73.0,100.0,100.0,99.0
2002,BAILEY,174.5,75.0,75.0,100.0,100.0,99.0
2001,BAILEY,142.2,69.0,69.0,69.0,69.0,98.0
2000,BAILEY,180.0,80.0,80.0,80.0,80.0,97.0
2017,COCHRAN,101.6,71.0,71.0,100.0,45.0,96.0
2015,COCHRAN,115.2,56.0,2.0,100.0,20.0,83.0
2014,COCHRAN,120.0,64.0,64.0,100.0,100.0,97.0
2005,COCHRAN,198.5,72.0,72.0,72.0,72.0,95.0
2016,CROSBY,104.7,52.0,52.0,99.0,38.0,93.0
2014,CROSBY,145.5,64.0,64.0,100.0,100.0,97.0
2009,CROSBY,170.0,74.0,74.0,100.0,100.0,98.0
2002,CROSBY,100.0,75.0,75.0,100.0,100.0,99.0
2001,CROSBY,140.0,69.0,69.0,69.0,69.0,98.0
2004,GAINES,174.7,70.0,70.0,70.0,70.0,98.0
2021,GLASSCOCK,171.4,66.0,3.0,3.0,50.0,95.0
2020,HOCKLEY,83.0,67.0,67.0,98.0,50.0,96.0
2019,HOCKLEY,74.1,65.0,65.0,100.0,51.0,93.0
2016,HOCKLEY,105.4,52.0,52.0,99.0,38.0,93.0
2015,HOCKLEY,120.6,56.0,2.0,100.0,20.0,83.0
2014,HOCKLEY,130.5,64.0,64.0,100.0,100.0,97.0
2013,HOCKLEY,154.0,69.0,69.0,98.0,98.0,95.0
2025,LAMB,63.6,74.0,74.0,97.0,55.0,93.0
2024,LAMB,101.6,71.0,3.0,100.0,57.0,92.0
2020,LAMB,137.6,67.0,67.0,98.0,50.0,96.0
2019,LAMB,127.3,65.0,65.0,100.0,51.0,93.0
2017,LAMB,163.2,71.0,71.0,100.0,45.0,96.0
2016,LAMB,119.7,52.0,52.0,99.0,38.0,93.0
2015,LAMB,148.1,56.0,2.0,100.0,20.0,83.0
2014,LAMB,177.0,64.0,64.0,100.0,100.0,97.0
2013,LAMB,190.4,69.0,69.0,98.0,98.0,95.0
2012,LAMB,161.2,70.0,70.0,70.0,70.0,95.0
2009,LAMB,184.2,74.0,74.0,100.0,100.0,98.0
2008,LAMB,172.0,66.0,66.0,99.0,99.0,97.0
2007,LAMB,204.0,70.0,70.0,70.0,70.0,98.0
2006,LAMB,166.0,80.0,80.0,80.0,80.0,99.0
2005,LAMB,186.3,72.0,72.0,72.0,72.0,95.0
2004,LAMB,197.3,70.0,70.0,70.0,70.0,98.0
2003,LAMB,138.5,73.0,73.0,100.0,100.0,99.0
2002,LAMB,157.4,75.0,75.0,100.0,100.0,99.0
2001,LAMB,153.4,69.0,69.0,69.0,69.0,98.0
2000,LAMB,167.6,80.0,80.0,80.0,80.0,97.0
2015,LUBBOCK,137.2,56.0,2.0,100.0,20.0,83.0
2011,LUBBOCK,151.5,66.0,66.0,100.0,100.0,98.0
2025,LYNN,134.2,74.0,74.0,97.0,55.0,93.0
2020,LYNN,67.6,67.0,67.0,98.0,50.0,96.0
2019,LYNN,128.8,65.0,65.0,100.0,51.0,93.0
2016,LYNN,106.0,52.0,52.0,99.0,38.0,93.0
2015,TERRY,99.1,56.0,2.0,100.0,20.0,83.0
2005,TERRY,121.0,72.0,72.0,72.0,72.0,95.0
2004,TERRY,115.8,70.0,70.0,70.0,70.0,98.0
2017,OTHER (COMBINED) COUNTIES,136.5,71.0,71.0,100.0,45.0,96.0
2014,OTHER (COMBINED) COUNTIES,190.7,64.0,64.0,100.0,100.0,97.0
2013,OTHER (COMBINED) COUNTIES,169.4,69.0,69.0,98.0,98.0,95.0
2011,OTHER (COMBINED) COUNTIES,84.9,66.0,66.0,100.0,100.0,98.0
2010,OTHER (COMBINED) COUNTIES,144.4,61.0,61.0,61.0,61.0,97.0
2007,OTHER (COMBINED) COUNTIES,145.0,70.0,70.0,70.0,70.0,98.0
2006,OTHER (COMBINED) COUNTIES,106.0,80.0,80.0,80.0,80.0,99.0
2005,OTHER (COMBINED) COUNTIES,138.0,72.0,72.0,72.0,72.0,95.0
2004,OTHER (COMBINED) COUNTIES,130.0,70.0,70.0,70.0,70.0,98.0
2003,OTHER (COMBINED) COUNTIES,156.9,73.0,73.0,100.0,100.0,99.0
2002,OTHER (COMBINED) COUNTIES,67.3,75.0,75.0,100.0,100.0,99.0
2001,OTHER (COMBINED) COUNTIES,62.5,69.0,69.0,69.0,69.0,98.0
2000,OTHER (COMBINED) COUNTIES,96.9,80.0,80.0,80.0,80.0,97.0
2013,DONLEY,221.0,69.0,69.0,98.0,98.0,95.0
2010,DONLEY,210.6,61.0,61.0,61.0,61.0,97.0
2007,DONLEY,194.0,70.0,70.0,70.0,70.0,98.0
2006,DONLEY,155.0,80.0,80.0,80.0,80.0,99.0
2005,DONLEY,141.8,72.0,72.0,72.0,72.0,95.0
2004,DONLEY,204.2,70.0,70.0,70.0,70.0,98.0
2002,DONLEY,85.6,75.0,75.0,100.0,100.0,99.0
2000,DONLEY,130.8,80.0,80.0,80.0,80.0,97.0
2004,WHEELER,204.0,70.0,70.0,70.0,70.0,98.0
2024,WICHITA,58.8,71.0,3.0,100.0,57.0,92.0
2007,WICHITA,50.0,70.0,70.0,70.0,70.0,98.0
2005,WICHITA,93.3,72.0,72.0,72.0,72.0,95.0
2004,WICHITA,92.9,70.0,70.0,70.0,70.0,98.0
2003,WICHITA,63.6,73.0,73.0,100.0,100.0,99.0
2002,WICHITA,59.0,75.0,75.0,100.0,100.0,99.0
2001,WICHITA,54.2,69.0,69.0,69.0,69.0,98.0
2025,WILBARGER,57.2,74.0,74.0,97.0,55.0,93.0
2007,WILBARGER,59.0,70.0,70.0,70.0,70.0,98.0
2005,WILBARGER,97.0,72.0,72.0,72.0,72.0,95.0
2004,WILBARGER,116.7,70.0,70.0,70.0,70.0,98.0
2003,WILBARGER,71.5,73.0,73.0,100.0,100.0,99.0
2019,OTHER (COMBINED) COUNTIES,79.1,65.0,65.0,100.0,51.0,93.0
2018,OTHER (COMBINED) COUNTIES,66.3,70.0,70.0,96.0,43.0,90.0
2017,OTHER (COMBINED) COUNTIES,130.1,71.0,71.0,100.0,45.0,96.0
2016,OTHER (COMBINED) COUNTIES,66.2,52.0,52.0,99.0,38.0,93.0
2015,OTHER (COMBINED) COUNTIES,57.3,56.0,2.0,100.0,20.0,83.0
2014,OTHER (COMBINED) COUNTIES,146.0,64.0,64.0,100.0,100.0,97.0
2012,OTHER (COMBINED) COUNTIES,56.4,70.0,70.0,70.0,70.0,95.0
2005,OTHER (COMBINED) COUNTIES,115.0,72.0,72.0,72.0,72.0,95.0
2021,COLEMAN,52.4,66.0,3.0,3.0,50.0,95.0
2020,COLEMAN,28.0,67.0,67.0,98.0,50.0,96.0
2019,COLEMAN,63.2,65.0,65.0,100.0,51.0,93.0
2017,COLEMAN,100.5,71.0,71.0,100.0,45.0,96.0
2012,RUNNELS,30.3,70.0,70.0,70.0,70.0,95.0
2014,OTHER (COMBINED) COUNTIES,104.1,64.0,64.0,100.0,100.0,97.0
2007,OTHER (COMBINED) COUNTIES,93.0,70.0,70.0,70.0,70.0,98.0
2006,OTHER (COMBINED) COUNTIES,137.0,80.0,80.0,80.0,80.0,99.0
2004,OTHER (COMBINED) COUNTIES,60.0,70.0,70.0,70.0,70.0,98.0
2003,OTHER (COMBINED) COUNTIES,92.5,73.0,73.0,100.0,100.0,99.0
2002,OTHER (COMBINED) COUNTIES,100.0,75.0,75.0,100.0,100.0,99.0
2001,OTHER (COMBINED) COUNTIES,86.0,69.0,69.0,69.0,69.0,98.0
2000,OTHER (COMBINED) COUNTIES,78.5,80.0,80.0,80.0,80.0,97.0
2006,COMANCHE,165.0,80.0,80.0,80.0,80.0,99.0
2004,COMANCHE,45.4,70.0,70.0,70.0,70.0,98.0
2003,COMANCHE,141.2,73.0,73.0,100.0,100.0,99.0
2002,COMANCHE,58.0,75.0,75.0,100.0,100.0,99.0
2001,COMANCHE,56.7,69.0,69.0,69.0,69.0,98.0
2000,COMANCHE,116.3,80.0,80.0,80.0,80.0,97.0
2006,EASTLAND,128.0,80.0,80.0,80.0,80.0,99.0
2006,ERATH,155.0,80.0,80.0,80.0,80.0,99.0
2003,ERATH,108.3,73.0,73.0,100.0,100.0,99.0
2002,ERATH,55.0,75.0,75.0,100.0,100.0,99.0
2001,ERATH,45.0,69.0,69.0,69.0,69.0,98.0
2000,ERATH,56.4,80.0,80.0,80.0,80.0,97.0
2006,WISE,60.0,80.0,80.0,80.0,80.0,99.0
2004,WISE,60.0,70.0,70.0,70.0,70.0,98.0
2019,OTHER (COMBINED) COUNTIES,99.9,65.0,65.0,100.0,51.0,93.0
2018,OTHER (COMBINED) COUNTIES,62.3,70.0,70.0,96.0,43.0,90.0
2017,OTHER (COMBINED) COUNTIES,105.4,71.0,71.0,100.0,45.0,96.0
2016,OTHER (COMBINED) COUNTIES,70.9,52.0,52.0,99.0,38.0,93.0
2015,OTHER (COMBINED) COUNTIES,67.6,56.0,2.0,100.0,20.0,83.0
2014,OTHER (COMBINED) COUNTIES,111.4,64.0,64.0,100.0,100.0,97.0
2013,OTHER (COMBINED) COUNTIES,102.7,69.0,69.0,98.0,98.0,95.0
2012,OTHER (COMBINED) COUNTIES,31.5,70.0,70.0,70.0,70.0,95.0
2011,OTHER (COMBINED) COUNTIES,35.2,66.0,66.0,100.0,100.0,98.0
2010,OTHER (COMBINED) COUNTIES,51.7,61.0,61.0,61.0,61.0,97.0
2009,OTHER (COMBINED) COUNTIES,41.4,74.0,74.0,100.0,100.0,98.0
2008,OTHER (COMBINED) COUNTIES,66.0,66.0,66.0,99.0,99.0,97.0
2007,OTHER (COMBINED) COUNTIES,64.0,70.0,70.0,70.0,70.0,98.0
2006,OTHER (COMBINED) COUNTIES,49.0,80.0,80.0,80.0,80.0,99.0
2004,OTHER (COMBINED) COUNTIES,71.5,70.0,70.0,70.0,70.0,98.0
2003,OTHER (COMBINED) COUNTIES,85.7,73.0,73.0,100.0,100.0,99.0
2002,OTHER (COMBINED) COUNTIES,75.0,75.0,75.0,100.0,100.0,99.0
2001,OTHER (COMBINED) COUNTIES,76.7,69.0,69.0,69.0,69.0,98.0
2000,OTHER (COMBINED) COUNTIES,90.0,80.0,80.0,80.0,80.0,97.0
2025,BELL,160.2,74.0,74.0,97.0,55.0,93.0
2024,BELL,54.8,71.0,3.0,100.0,57.0,92.0
2023,BELL,102.3,74.0,5.0,100.0,52.0,92.0
2022,BELL,59.2,69.0,5.0,99.0,51.0,94.0
2021,BELL,109.1,66.0,3.0,3.0,50.0,95.0
2020,BELL,94.2,67.0,67.0,98.0,50.0,96.0
2019,BELL,105.8,65.0,65.0,100.0,51.0,93.0
2018,BELL,56.4,70.0,70.0,96.0,43.0,90.0
2017,BELL,103.5,71.0,71.0,100.0,45.0,96.0
2016,BELL,60.6,52.0,52.0,99.0,38.0,93.0
2015,BELL,63.2,56.0,2.0,100.0,20.0,83.0
2014,BELL,113.2,64.0,64.0,100.0,100.0,97.0
2013,BELL,94.6,69.0,69.0,98.0,98.0,95.0
2012,BELL,81.2,70.0,70.0,70.0,70.0,95.0
2011,BELL,33.0,66.0,66.0,100.0,100.0,98.0
2010,BELL,79.6,61.0,61.0,61.0,61.0,97.0
2009,BELL,52.5,74.0,74.0,100.0,100.0,98.0
2008,BELL,63.0,66.0,66.0,99.0,99.0,97.0
2007,BELL,87.0,70.0,70.0,70.0,70.0,98.0
2006,BELL,83.0,80.0,80.0,80.0,80.0,99.0
2005,BELL,64.0,72.0,72.0,72.0,72.0,95.0
2004,BELL,91.6,70.0,70.0,70.0,70.0,98.0
2003,BELL,70.1,73.0,73.0,100.0,100.0,99.0
2002,BELL,68.9,75.0,75.0,100.0,100.0,99.0
2001,BELL,74.5,69.0,69.0,69.0,69.0,98.0
2000,BELL,92.0,80.0,80.0,80.0,80.0,97.0
2010,BOSQUE,35.0,61.0,61.0,61.0,61.0,97.0
2005,BOSQUE,57.3,72.0,72.0,72.0,72.0,95.0
2003,BOSQUE,104.7,73.0,73.0,100.0,100.0,99.0
2002,BOSQUE,142.3,75.0,75.0,100.0,100.0,99.0
2025,COLLIN,100.8,74.0,74.0,97.0,55.0,93.0
2024,COLLIN,52.0,71.0,3.0,100.0,57.0,92.0
2022,COLLIN,61.1,69.0,5.0,99.0,51.0,94.0
2021,COLLIN,54.4,66.0,3.0,3.0,50.0,95.0
2020,COLLIN,89.6,67.0,67.0,98.0,50.0,96.0
2019,COLLIN,90.4,65.0,65.0,100.0,51.0,93.0
2018,COLLIN,62.3,70.0,70.0,96.0,43.0,90.0
2017,COLLIN,110.6,71.0,71.0,100.0,45.0,96.0
2016,COLLIN,75.0,52.0,52.0,99.0,38.0,93.0
2015,COLLIN,38.8,56.0,2.0,100.0,20.0,83.0
2014,COLLIN,120.8,64.0,64.0,100.0,100.0,97.0
2013,COLLIN,91.0,69.0,69.0,98.0,98.0,95.0
2012,COLLIN,87.3,70.0,70.0,70.0,70.0,95.0
2011,COLLIN,59.4,66.0,66.0,100.0,100.0,98.0
2010,COLLIN,58.0,61.0,61.0,61.0,61.0,97.0
2008,COLLIN,49.0,66.0,66.0,99.0,99.0,97.0
2007,COLLIN,110.0,70.0,70.0,70.0,70.0,98.0
2006,COLLIN,43.0,80.0,80.0,80.0,80.0,99.0
2005,COLLIN,60.4,72.0,72.0,72.0,72.0,95.0
2004,COLLIN,98.7,70.0,70.0,70.0,70.0,98.0
2003,COLLIN,116.1,73.0,73.0,100.0,100.0,99.0
2002,COLLIN,83.7,75.0,75.0,100.0,100.0,99.0
2001,COLLIN,70.9,69.0,69.0,69.0,69.0,98.0
2000,COLLIN,100.4,80.0,80.0,80.0,80.0,97.0
2025,COOKE,116.3,74.0,74.0,97.0,55.0,93.0
2024,COOKE,73.7,71.0,3.0,100.0,57.0,92.0
2023,COOKE,83.8,74.0,5.0,100.0,52.0,92.0
2022,COOKE,64.1,69.0,5.0,99.0,51.0,94.0
2020,COOKE,77.0,67.0,67.0,98.0,50.0,96.0
2019,COOKE,118.5,65.0,65.0,100.0,51.0,93.0
2015,COOKE,64.4,56.0,2.0,100.0,20.0,83.0
2014,COOKE,75.0,64.0,64.0,100.0,100.0,97.0
2012,COOKE,98.3,70.0,70.0,70.0,70.0,95.0
2010,COOKE,70.7,61.0,61.0,61.0,61.0,97.0
2007,COOKE,121.0,70.0,70.0,70.0,70.0,98.0
2006,COOKE,45.0,80.0,80.0,80.0,80.0,99.0
2005,COOKE,60.3,72.0,72.0,72.0,72.0,95.0
2004,COOKE,104.0,70.0,70.0,70.0,70.0,98.0
2003,COOKE,95.7,73.0,73.0,100.0,100.0,99.0
2002,COOKE,100.0,75.0,75.0,100.0,100.0,99.0
2001,COOKE,61.0,69.0,69.0,69.0,69.0,98.0
2000,COOKE,90.0,80.0,80.0,80.0,80.0,97.0
2022,CORYELL,35.0,69.0,5.0,99.0,51.0,94.0
2014,CORYELL,101.7,64.0,64.0,100.0,100.0,97.0
2012,CORYELL,69.4,70.0,70.0,70.0,70.0,95.0
2011,CORYELL,54.1,66.0,66.0,100.0,100.0,98.0
2009,CORYELL,35.2,74.0,74.0,100.0,100.0,98.0
2008,CORYELL,42.0,66.0,66.0,99.0,99.0,97.0
2007,CORYELL,72.0,70.0,70.0,70.0,70.0,98.0
2006,CORYELL,45.0,80.0,80.0,80.0,80.0,99.0
2005,CORYELL,58.5,72.0,72.0,72.0,72.0,95.0
2004,CORYELL,83.7,70.0,70.0,70.0,70.0,98.0
2003,CORYELL,89.6,73.0,73.0,100.0,100.0,99.0
2002,CORYELL,47.9,75.0,75.0,100.0,100.0,99.0
2001,CORYELL,40.0,69.0,69.0,69.0,69.0,98.0
2000,CORYELL,88.1,80.0,80.0,80.0,80.0,97.0
2009,DALLAS,95.4,74.0,74.0,100.0,100.0,98.0
2006,DALLAS,50.0,80.0,80.0,80.0,80.0,99.0
2005,DALLAS,44.5,72.0,72.0,72.0,72.0,95.0
2004,DALLAS,86.0,70.0,70.0,70.0,70.0,98.0
2003,DALLAS,98.4,73.0,73.0,100.0,100.0,99.0
2002,DALLAS,76.3,75.0,75.0,100.0,100.0,99.0
2001,DALLAS,40.0,69.0,69.0,69.0,69.0,98.0
2000,DALLAS,80.7,80.0,80.0,80.0,80.0,97.0
2023,DELTA,115.5,74.0,5.0,100.0,52.0,92.0
2018,DELTA,70.8,70.0,70.0,96.0,43.0,90.0
2006,DELTA,65.0,80.0,80.0,80.0,80.0,99.0
2005,DELTA,76.2,72.0,72.0,72.0,72.0,95.0
2004,DELTA,96.8,70.0,70.0,70.0,70.0,98.0
2003,DELTA,101.3,73.0,73.0,100.0,100.0,99.0
2002,DELTA,74.5,75.0,75.0,100.0,100.0,99.0
2001,DELTA,90.0,69.0,69.0,69.0,69.0,98.0
2000,DELTA,101.4,80.0,80.0,80.0,80.0,97.0
2024,DENTON,60.8,71.0,3.0,100.0,57.0,92.0
2018,DENTON,42.7,70.0,70.0,96.0,43.0,90.0
2014,DENTON,78.3,64.0,64.0,100.0,100.0,97.0
2013,DENTON,52.2,69.0,69.0,98.0,98.0,95.0
2012,DENTON,36.4,70.0,70.0,70.0,70.0,95.0
2006,DENTON,27.0,80.0,80.0,80.0,80.0,99.0
2005,DENTON,38.9,72.0,72.0,72.0,72.0,95.0
2004,DENTON,79.8,70.0,70.0,70.0,70.0,98.0
2003,DENTON,74.5,73.0,73.0,100.0,100.0,99.0
2002,DENTON,76.2,75.0,75.0,100.0,100.0,99.0
2000,DENTON,127.1,80.0,80.0,80.0,80.0,97.0
2025,ELLIS,94.7,74.0,74.0,97.0,55.0,93.0
2024,ELLIS,74.8,71.0,3.0,100.0,57.0,92.0
2023,ELLIS,92.4,74.0,5.0,100.0,52.0,92.0
2022,ELLIS,59.7,69.0,5.0,99.0,51.0,94.0
2021,ELLIS,70.8,66.0,3.0,3.0,50.0,95.0
2020,ELLIS,96.7,67.0,67.0,98.0,50.0,96.0
2019,ELLIS,81.0,65.0,65.0,100.0,51.0,93.0
2018,ELLIS,71.9,70.0,70.0,96.0,43.0,90.0
2017,ELLIS,119.2,71.0,71.0,100.0,45.0,96.0
2016,ELLIS,80.4,52.0,52.0,99.0,38.0,93.0
2015,ELLIS,54.9,56.0,2.0,100.0,20.0,83.0
2014,ELLIS,107.7,64.0,64.0,100.0,100.0,97.0
2013,ELLIS,86.2,69.0,69.0,98.0,98.0,95.0
2012,ELLIS,97.9,70.0,70.0,70.0,70.0,95.0
2011,ELLIS,49.2,66.0,66.0,100.0,100.0,98.0
2010,ELLIS,69.1,61.0,61.0,61.0,61.0,97.0
2009,ELLIS,61.9,74.0,74.0,100.0,100.0,98.0
2008,ELLIS,55.0,66.0,66.0,99.0,99.0,97.0
2007,ELLIS,108.0,70.0,70.0,70.0,70.0,98.0
2006,ELLIS,46.0,80.0,80.0,80.0,80.0,99.0
2005,ELLIS,67.6,72.0,72.0,72.0,72.0,95.0
2004,ELLIS,95.3,70.0,70.0,70.0,70.0,98.0
2003,ELLIS,97.0,73.0,73.0,100.0,100.0,99.0
2002,ELLIS,82.5,75.0,75.0,100.0,100.0,99.0
2001,ELLIS,72.7,69.0,69.0,69.0,69.0,98.0
2000,ELLIS,92.3,80.0,80.0,80.0,80.0,97.0
2025,FALLS,149.6,74.0,74.0,97.0,55.0,93.0
2024,FALLS,89.3,71.0,3.0,100.0,57.0,92.0
2023,FALLS,115.9,74.0,5.0,100.0,52.0,92.0
2022,FALLS,73.4,69.0,5.0,99.0,51.0,94.0
2021,FALLS,94.3,66.0,3.0,3.0,50.0,95.0
2020,FALLS,87.7,67.0,67.0,98.0,50.0,96.0
2017,FALLS,107.1,71.0,71.0,100.0,45.0,96.0
2016,FALLS,62.1,52.0,52.0,99.0,38.0,93.0
2015,FALLS,73.5,56.0,2.0,100.0,20.0,83.0
2014,FALLS,118.0,64.0,64.0,100.0,100.0,97.0
2013,FALLS,94.8,69.0,69.0,98.0,98.0,95.0
2012,FALLS,94.9,70.0,70.0,70.0,70.0,95.0
2011,FALLS,45.4,66.0,66.0,100.0,100.0,98.0
2010,FALLS,86.2,61.0,61.0,61.0,61.0,97.0
2009,FALLS,57.0,74.0,74.0,100.0,100.0,98.0
2008,FALLS,69.0,66.0,66.0,99.0,99.0,97.0
2007,FALLS,92.0,70.0,70.0,70.0,70.0,98.0
2006,FALLS,85.0,80.0,80.0,80.0,80.0,99.0
2005,FALLS,71.1,72.0,72.0,72.0,72.0,95.0
2004,FALLS,98.7,70.0,70.0,70.0,70.0,98.0
2003,FALLS,91.5,73.0,73.0,100.0,100.0,99.0
2002,FALLS,97.6,75.0,75.0,100.0,100.0,99.0
2001,FALLS,74.3,69.0,69.0,69.0,69.0,98.0
2000,FALLS,85.5,80.0,80.0,80.0,80.0,97.0
2025,FANNIN,102.6,74.0,74.0,97.0,55.0,93.0
2024,FANNIN,58.8,71.0,3.0,100.0,57.0,92.0
2020,FANNIN,88.3,67.0,67.0,98.0,50.0,96.0
2019,FANNIN,88.8,65.0,65.0,100.0,51.0,93.0
2018,FANNIN,67.9,70.0,70.0,96.0,43.0,90.0
2017,FANNIN,133.0,71.0,71.0,100.0,45.0,96.0
2016,FANNIN,82.1,52.0,52.0,99.0,38.0,93.0
2015,FANNIN,73.7,56.0,2.0,100.0,20.0,83.0
2014,FANNIN,118.5,64.0,64.0,100.0,100.0,97.0
2012,FANNIN,90.7,70.0,70.0,70.0,70.0,95.0
2011,FANNIN,52.6,66.0,66.0,100.0,100.0,98.0
2010,FANNIN,53.5,61.0,61.0,61.0,61.0,97.0
2009,FANNIN,45.0,74.0,74.0,100.0,100.0,98.0
2008,FANNIN,82.0,66.0,66.0,99.0,99.0,97.0
2007,FANNIN,106.0,70.0,70.0,70.0,70.0,98.0
2006,FANNIN,62.0,80.0,80.0,80.0,80.0,99.0
2005,FANNIN,74.6,72.0,72.0,72.0,72.0,95.0
2004,FANNIN,105.7,70.0,70.0,70.0,70.0,98.0
2003,FANNIN,93.9,73.0,73.0,100.0,100.0,99.0
2002,FANNIN,80.9,75.0,75.0,100.0,100.0,99.0
2001,FANNIN,73.2,69.0,69.0,69.0,69.0,98.0
2000,FANNIN,78.8,80.0,80.0,80.0,80.0,97.0
2025,GRAYSON,95.0,74.0,74.0,97.0,55.0,93.0
2023,GRAYSON,102.3,74.0,5.0,100.0,52.0,92.0
2022,GRAYSON,55.0,69.0,5.0,99.0,51.0,94.0
2021,GRAYSON,66.2,66.0,3.0,3.0,50.0,95.0
2020,GRAYSON,72.6,67.0,67.0,98.0,50.0,96.0
2019,GRAYSON,106.7,65.0,65.0,100.0,51.0,93.0
2018,GRAYSON,65.0,70.0,70.0,96.0,43.0,90.0
2017,GRAYSON,93.2,71.0,71.0,100.0,45.0,96.0
2016,GRAYSON,62.1,52.0,52.0,99.0,38.0,93.0
2015,GRAYSON,51.5,56.0,2.0,100.0,20.0,83.0
2014,GRAYSON,98.7,64.0,64.0,100.0,100.0,97.0
2013,GRAYSON,92.1,69.0,69.0,98.0,98.0,95.0
2012,GRAYSON,89.4,70.0,70.0,70.0,70.0,95.0
2011,GRAYSON,52.1,66.0,66.0,100.0,100.0,98.0
2010,GRAYSON,52.1,61.0,61.0,61.0,61.0,97.0
2009,GRAYSON,63.2,74.0,74.0,100.0,100.0,98.0
2008,GRAYSON,75.0,66.0,66.0,99.0,99.0,97.0
2007,GRAYSON,117.0,70.0,70.0,70.0,70.0,98.0
2006,GRAYSON,43.0,80.0,80.0,80.0,80.0,99.0
2005,GRAYSON,62.2,72.0,72.0,72.0,72.0,95.0
2004,GRAYSON,105.6,70.0,70.0,70.0,70.0,98.0
2003,GRAYSON,95.3,73.0,73.0,100.0,100.0,99.0
2002,GRAYSON,84.6,75.0,75.0,100.0,100.0,99.0
2001,GRAYSON,64.3,69.0,69.0,69.0,69.0,98.0
2000,GRAYSON,89.8,80.0,80.0,80.0,80.0,97.0
2010,HAMILTON,91.0,61.0,61.0,61.0,61.0,97.0
2006,HAMILTON,48.0,80.0,80.0,80.0,80.0,99.0
2005,HAMILTON,95.3,72.0,72.0,72.0,72.0,95.0
2004,HAMILTON,137.5,70.0,70.0,70.0,70.0,98.0
2025,HILL,127.9,74.0,74.0,97.0,55.0,93.0
2024,HILL,80.9,71.0,3.0,100.0,57.0,92.0
2023,HILL,120.7,74.0,5.0,100.0,52.0,92.0
2022,HILL,65.1,69.0,5.0,99.0,51.0,94.0
2021,HILL,97.2,66.0,3.0,3.0,50.0,95.0
2020,HILL,100.3,67.0,67.0,98.0,50.0,96.0
2019,HILL,107.7,65.0,65.0,100.0,51.0,93.0
2018,HILL,62.0,70.0,70.0,96.0,43.0,90.0
2017,HILL,107.0,71.0,71.0,100.0,45.0,96.0
2016,HILL,80.4,52.0,52.0,99.0,38.0,93.0
2015,HILL,64.5,56.0,2.0,100.0,20.0,83.0
2014,HILL,113.0,64.0,64.0,100.0,100.0,97.0
2013,HILL,97.2,69.0,69.0,98.0,98.0,95.0
2012,HILL,101.9,70.0,70.0,70.0,70.0,95.0
2011,HILL,46.0,66.0,66.0,100.0,100.0,98.0
2010,HILL,76.6,61.0,61.0,61.0,61.0,97.0
2009,HILL,50.2,74.0,74.0,100.0,100.0,98.0
2008,HILL,55.0,66.0,66.0,99.0,99.0,97.0
2007,HILL,95.0,70.0,70.0,70.0,70.0,98.0
2006,HILL,41.0,80.0,80.0,80.0,80.0,99.0
2005,HILL,73.4,72.0,72.0,72.0,72.0,95.0
2004,HILL,100.5,70.0,70.0,70.0,70.0,98.0
2003,HILL,100.0,73.0,73.0,100.0,100.0,99.0
2002,HILL,92.8,75.0,75.0,100.0,100.0,99.0
2001,HILL,67.0,69.0,69.0,69.0,69.0,98.0
2000,HILL,102.1,80.0,80.0,80.0,80.0,97.0
2024,HUNT,49.4,71.0,3.0,100.0,57.0,92.0
2021,HUNT,49.8,66.0,3.0,3.0,50.0,95.0
2019,HUNT,88.9,65.0,65.0,100.0,51.0,93.0
2018,HUNT,65.1,70.0,70.0,96.0,43.0,90.0
2017,HUNT,113.7,71.0,71.0,100.0,45.0,96.0
2014,HUNT,116.9,64.0,64.0,100.0,100.0,97.0
2013,HUNT,102.3,69.0,69.0,98.0,98.0,95.0
2012,HUNT,80.0,70.0,70.0,70.0,70.0,95.0
2010,HUNT,65.0,61.0,61.0,61.0,61.0,97.0
2009,HUNT,48.7,74.0,74.0,100.0,100.0,98.0
2007,HUNT,123.0,70.0,70.0,70.0,70.0,98.0
2006,HUNT,41.0,80.0,80.0,80.0,80.0,99.0
2005,HUNT,57.2,72.0,72.0,72.0,72.0,95.0
2004,HUNT,108.7,70.0,70.0,70.0,70.0,98.0
2003,HUNT,107.4,73.0,73.0,100.0,100.0,99.0
2002,HUNT,66.9,75.0,75.0,100.0,100.0,99.0
2000,HUNT,77.5,80.0,80.0,80.0,80.0,97.0
2023,JOHNSON,96.2,74.0,5.0,100.0,52.0,92.0
2021,JOHNSON,57.4,66.0,3.0,3.0,50.0,95.0
2020,JOHNSON,85.2,67.0,67.0,98.0,50.0,96.0
2019,JOHNSON,80.0,65.0,65.0,100.0,51.0,93.0
2018,JOHNSON,63.1,70.0,70.0,96.0,43.0,90.0
2016,JOHNSON,71.9,52.0,52.0,99.0,38.0,93.0
2015,JOHNSON,48.7,56.0,2.0,100.0,20.0,83.0
2014,JOHNSON,68.9,64.0,64.0,100.0,100.0,97.0
2013,JOHNSON,85.1,69.0,69.0,98.0,98.0,95.0
2012,JOHNSON,97.8,70.0,70.0,70.0,70.0,95.0
2010,JOHNSON,58.1,61.0,61.0,61.0,61.0,97.0
2009,JOHNSON,60.5,74.0,74.0,100.0,100.0,98.0
2007,JOHNSON,126.0,70.0,70.0,70.0,70.0,98.0
2006,JOHNSON,32.0,80.0,80.0,80.0,80.0,99.0
2005,JOHNSON,66.1,72.0,72.0,72.0,72.0,95.0
2004,JOHNSON,96.0,70.0,70.0,70.0,70.0,98.0
2003,JOHNSON,98.5,73.0,73.0,100.0,100.0,99.0
2002,JOHNSON,81.8,75.0,75.0,100.0,100.0,99.0
2001,JOHNSON,80.0,69.0,69.0,69.0,69.0,98.0
2000,JOHNSON,58.6,80.0,80.0,80.0,80.0,97.0
2007,KAUFMAN,81.0,70.0,70.0,70.0,70.0,98.0
2006,KAUFMAN,31.0,80.0,80.0,80.0,80.0,99.0
2005,KAUFMAN,66.5,72.0,72.0,72.0,72.0,95.0
2004,KAUFMAN,88.0,70.0,70.0,70.0,70.0,98.0
2003,KAUFMAN,87.0,73.0,73.0,100.0,100.0,99.0
2002,KAUFMAN,74.3,75.0,75.0,100.0,100.0,99.0
2000,KAUFMAN,104.8,80.0,80.0,80.0,80.0,97.0
2022,LAMAR,43.4,69.0,5.0,99.0,51.0,94.0
2021,LAMAR,64.3,66.0,3.0,3.0,50.0,95.0
2020,LAMAR,80.3,67.0,67.0,98.0,50.0,96.0
2019,LAMAR,105.9,65.0,65.0,100.0,51.0,93.0
2018,LAMAR,73.8,70.0,70.0,96.0,43.0,90.0
2017,LAMAR,129.4,71.0,71.0,100.0,45.0,96.0
2016,LAMAR,80.0,52.0,52.0,99.0,38.0,93.0
2015,LAMAR,64.9,56.0,2.0,100.0,20.0,83.0
2014,LAMAR,112.8,64.0,64.0,100.0,100.0,97.0
2013,LAMAR,133.2,69.0,69.0,98.0,98.0,95.0
2012,LAMAR,115.0,70.0,70.0,70.0,70.0,95.0
2011,LAMAR,78.6,66.0,66.0,100.0,100.0,98.0
2010,LAMAR,72.0,61.0,61.0,61.0,61.0,97.0
2009,LAMAR,52.1,74.0,74.0,100.0,100.0,98.0
2008,LAMAR,93.0,66.0,66.0,99.0,99.0,97.0
2007,LAMAR,146.0,70.0,70.0,70.0,70.0,98.0
2006,LAMAR,72.0,80.0,80.0,80.0,80.0,99.0
2005,LAMAR,63.5,72.0,72.0,72.0,72.0,95.0
2004,LAMAR,118.4,70.0,70.0,70.0,70.0,98.0
2003,LAMAR,114.4,73.0,73.0,100.0,100.0,99.0
2002,LAMAR,57.1,75.0,75.0,100.0,100.0,99.0
2001,LAMAR,112.3,69.0,69.0,69.0,69.0,98.0
2000,LAMAR,96.6,80.0,80.0,80.0,80.0,97.0
2024,LIMESTONE,83.1,71.0,3.0,100.0,57.0,92.0
2022,LIMESTONE,107.3,69.0,5.0,99.0,51.0,94.0
2019,LIMESTONE,103.5,65.0,65.0,100.0,51.0,93.0
2017,LIMESTONE,94.8,71.0,71.0,100.0,45.0,96.0
2016,LIMESTONE,72.0,52.0,52.0,99.0,38.0,93.0
2015,LIMESTONE,34.3,56.0,2.0,100.0,20.0,83.0
2014,LIMESTONE,81.0,64.0,64.0,100.0,100.0,97.0
2013,LIMESTONE,82.0,69.0,69.0,98.0,98.0,95.0
2012,LIMESTONE,112.4,70.0,70.0,70.0,70.0,95.0
2010,LIMESTONE,70.7,61.0,61.0,61.0,61.0,97.0
2009,LIMESTONE,44.0,74.0,74.0,100.0,100.0,98.0
2007,LIMESTONE,63.0,70.0,70.0,70.0,70.0,98.0
2006,LIMESTONE,70.0,80.0,80.0,80.0,80.0,99.0
2005,LIMESTONE,57.9,72.0,72.0,72.0,72.0,95.0
2004,LIMESTONE,92.3,70.0,70.0,70.0,70.0,98.0
2003,LIMESTONE,75.6,73.0,73.0,100.0,100.0,99.0
2002,LIMESTONE,80.2,75.0,75.0,100.0,100.0,99.0
2001,LIMESTONE,81.0,69.0,69.0,69.0,69.0,98.0
2000,LIMESTONE,93.6,80.0,80.0,80.0,80.0,97.0
2025,MCLENNAN,104.3,74.0,74.0,97.0,55.0,93.0
2024,MCLENNAN,83.6,71.0,3.0,100.0,57.0,92.0
2023,MCLENNAN,107.8,74.0,5.0,100.0,52.0,92.0
2022,MCLENNAN,61.2,69.0,5.0,99.0,51.0,94.0
2021,MCLENNAN,120.7,66.0,3.0,3.0,50.0,95.0
2020,MCLENNAN,91.2,67.0,67.0,98.0,50.0,96.0
2019,MCLENNAN,105.0,65.0,65.0,100.0,51.0,93.0
2018,MCLENNAN,62.8,70.0,70.0,96.0,43.0,90.0
2017,MCLENNAN,102.0,71.0,71.0,100.0,45.0,96.0
2016,MCLENNAN,68.5,52.0,52.0,99.0,38.0,93.0
2015,MCLENNAN,99.4,56.0,2.0,100.0,20.0,83.0
2014,MCLENNAN,106.2,64.0,64.0,100.0,100.0,97.0
2013,MCLENNAN,89.2,69.0,69.0,98.0,98.0,95.0
2012,MCLENNAN,90.1,70.0,70.0,70.0,70.0,95.0
2011,MCLENNAN,40.7,66.0,66.0,100.0,100.0,98.0
2010,MCLENNAN,78.5,61.0,61.0,61.0,61.0,97.0
2009,MCLENNAN,52.2,74.0,74.0,100.0,100.0,98.0
2008,MCLENNAN,58.0,66.0,66.0,99.0,99.0,97.0
2007,MCLENNAN,90.0,70.0,70.0,70.0,70.0,98.0
2006,MCLENNAN,71.0,80.0,80.0,80.0,80.0,99.0
2005,MCLENNAN,67.5,72.0,72.0,72.0,72.0,95.0
2004,MCLENNAN,96.0,70.0,70.0,70.0,70.0,98.0
2003,MCLENNAN,84.9,73.0,73.0,100.0,100.0,99.0
2002,MCLENNAN,67.9,75.0,75.0,100.0,100.0,99.0
2001,MCLENNAN,73.8,69.0,69.0,69.0,69.0,98.0
2000,MCLENNAN,104.1,80.0,80.0,80.0,80.0,97.0
2024,MILAM,114.1,71.0,3.0,100.0,57.0,92.0
2023,MILAM,95.2,74.0,5.0,100.0,52.0,92.0
2022,MILAM,70.0,69.0,5.0,99.0,51.0,94.0
2021,MILAM,111.9,66.0,3.0,3.0,50.0,95.0
2020,MILAM,92.3,67.0,67.0,98.0,50.0,96.0
2019,MILAM,91.4,65.0,65.0,100.0,51.0,93.0
2018,MILAM,61.8,70.0,70.0,96.0,43.0,90.0
2017,MILAM,97.1,71.0,71.0,100.0,45.0,96.0
2016,MILAM,61.4,52.0,52.0,99.0,38.0,93.0
2015,MILAM,71.6,56.0,2.0,100.0,20.0,83.0
2014,MILAM,118.8,64.0,64.0,100.0,100.0,97.0
2013,MILAM,91.8,69.0,69.0,98.0,98.0,95.0
2012,MILAM,82.3,70.0,70.0,70.0,70.0,95.0
2011,MILAM,28.7,66.0,66.0,100.0,100.0,98.0
2010,MILAM,73.8,61.0,61.0,61.0,61.0,97.0
2009,MILAM,40.5,74.0,74.0,100.0,100.0,98.0
2008,MILAM,60.0,66.0,66.0,99.0,99.0,97.0
2007,MILAM,93.0,70.0,70.0,70.0,70.0,98.0
2006,MILAM,79.0,80.0,80.0,80.0,80.0,99.0
2005,MILAM,58.7,72.0,72.0,72.0,72.0,95.0
2004,MILAM,94.4,70.0,70.0,70.0,70.0,98.0
2003,MILAM,66.8,73.0,73.0,100.0,100.0,99.0
2002,MILAM,67.7,75.0,75.0,100.0,100.0,99.0
2001,MILAM,78.0,69.0,69.0,69.0,69.0,98.0
2000,MILAM,112.0,80.0,80.0,80.0,80.0,97.0
2025,NAVARRO,119.0,74.0,74.0,97.0,55.0,93.0
2024,NAVARRO,93.8,71.0,3.0,100.0,57.0,92.0
2023,NAVARRO,111.6,74.0,5.0,100.0,52.0,92.0
2022,NAVARRO,64.4,69.0,5.0,99.0,51.0,94.0
2021,NAVARRO,90.6,66.0,3.0,3.0,50.0,95.0
2020,NAVARRO,101.6,67.0,67.0,98.0,50.0,96.0
2019,NAVARRO,114.3,65.0,65.0,100.0,51.0,93.0
2018,NAVARRO,65.8,70.0,70.0,96.0,43.0,90.0
2017,NAVARRO,105.3,71.0,71.0,100.0,45.0,96.0
2016,NAVARRO,74.1,52.0,52.0,99.0,38.0,93.0
2015,NAVARRO,58.2,56.0,2.0,100.0,20.0,83.0
2014,NAVARRO,119.8,64.0,64.0,100.0,100.0,97.0
2013,NAVARRO,92.3,69.0,69.0,98.0,98.0,95.0
2012,NAVARRO,137.6,70.0,70.0,70.0,70.0,95.0
2011,NAVARRO,49.3,66.0,66.0,100.0,100.0,98.0
2010,NAVARRO,90.9,61.0,61.0,61.0,61.0,97.0
2009,NAVARRO,49.9,74.0,74.0,100.0,100.0,98.0
2008,NAVARRO,54.0,66.0,66.0,99.0,99.0,97.0
2007,NAVARRO,111.0,70.0,70.0,70.0,70.0,98.0
2006,NAVARRO,73.0,80.0,80.0,80.0,80.0,99.0
2005,NAVARRO,72.7,72.0,72.0,72.0,72.0,95.0
2004,NAVARRO,86.1,70.0,70.0,70.0,70.0,98.0
2003,NAVARRO,103.2,73.0,73.0,100.0,100.0,99.0
2002,NAVARRO,90.2,75.0,75.0,100.0,100.0,99.0
2001,NAVARRO,94.6,69.0,69.0,69.0,69.0,98.0
2000,NAVARRO,113.9,80.0,80.0,80.0,80.0,97.0
2006,ROCKWALL,31.0,80.0,80.0,80.0,80.0,99.0
2005,ROCKWALL,39.5,72.0,72.0,72.0,72.0,95.0
2004,ROCKWALL,107.2,70.0,70.0,70.0,70.0,98.0
2003,ROCKWALL,96.2,73.0,73.0,100.0,100.0,99.0
2005,TARRANT,66.5,72.0,72.0,72.0,72.0,95.0
2025,WILLIAMSON,119.2,74.0,74.0,97.0,55.0,93.0
2024,WILLIAMSON,95.6,71.0,3.0,100.0,57.0,92.0
2023,WILLIAMSON,101.6,74.0,5.0,100.0,52.0,92.0
2022,WILLIAMSON,52.2,69.0,5.0,99.0,51.0,94.0
2021,WILLIAMSON,98.2,66.0,3.0,3.0,50.0,95.0
2020,WILLIAMSON,87.7,67.0,67.0,98.0,50.0,96.0
2019,WILLIAMSON,100.6,65.0,65.0,100.0,51.0,93.0
2018,WILLIAMSON,63.5,70.0,70.0,96.0,43.0,90.0
2017,WILLIAMSON,94.3,71.0,71.0,100.0,45.0,96.0
2016,WILLIAMSON,65.7,52.0,52.0,99.0,38.0,93.0
2015,WILLIAMSON,69.5,56.0,2.0,100.0,20.0,83.0
2014,WILLIAMSON,99.9,64.0,64.0,100.0,100.0,97.0
2013,WILLIAMSON,80.8,69.0,69.0,98.0,98.0,95.0
2012,WILLIAMSON,84.4,70.0,70.0,70.0,70.0,95.0
2011,WILLIAMSON,19.8,66.0,66.0,100.0,100.0,98.0
2010,WILLIAMSON,90.3,61.0,61.0,61.0,61.0,97.0
2009,WILLIAMSON,47.6,74.0,74.0,100.0,100.0,98.0
2008,WILLIAMSON,59.0,66.0,66.0,99.0,99.0,97.0
2007,WILLIAMSON,103.0,70.0,70.0,70.0,70.0,98.0
2006,WILLIAMSON,60.0,80.0,80.0,80.0,80.0,99.0
2005,WILLIAMSON,75.2,72.0,72.0,72.0,72.0,95.0
2004,WILLIAMSON,96.9,70.0,70.0,70.0,70.0,98.0
2003,WILLIAMSON,66.0,73.0,73.0,100.0,100.0,99.0
2002,WILLIAMSON,55.0,75.0,75.0,100.0,100.0,99.0
2001,WILLIAMSON,88.9,69.0,69.0,69.0,69.0,98.0
2000,WILLIAMSON,88.3,80.0,80.0,80.0,80.0,97.0
2010,OTHER (COMBINED) COUNTIES,71.0,61.0,61.0,61.0,61.0,97.0
2008,OTHER (COMBINED) COUNTIES,79.0,66.0,66.0,99.0,99.0,97.0
2007,OTHER (COMBINED) COUNTIES,111.0,70.0,70.0,70.0,70.0,98.0
2006,OTHER (COMBINED) COUNTIES,58.0,80.0,80.0,80.0,80.0,99.0
2005,OTHER (COMBINED) COUNTIES,62.3,72.0,72.0,72.0,72.0,95.0
2004,OTHER (COMBINED) COUNTIES,70.0,70.0,70.0,70.0,70.0,98.0
2003,OTHER (COMBINED) COUNTIES,85.7,73.0,73.0,100.0,100.0,99.0
2002,OTHER (COMBINED) COUNTIES,57.8,75.0,75.0,100.0,100.0,99.0
2001,OTHER (COMBINED) COUNTIES,110.0,69.0,69.0,69.0,69.0,98.0
2000,OTHER (COMBINED) COUNTIES,108.9,80.0,80.0,80.0,80.0,97.0
2007,BOWIE,128.0,70.0,70.0,70.0,70.0,98.0
2006,BOWIE,110.0,80.0,80.0,80.0,80.0,99.0
2005,BOWIE,88.0,72.0,72.0,72.0,72.0,95.0
2004,BOWIE,114.6,70.0,70.0,70.0,70.0,98.0
2003,BOWIE,105.0,73.0,73.0,100.0,100.0,99.0
2002,BOWIE,99.1,75.0,75.0,100.0,100.0,99.0
2001,BOWIE,108.9,69.0,69.0,69.0,69.0,98.0
2000,BOWIE,111.6,80.0,80.0,80.0,80.0,97.0
2004,CAMP,142.3,70.0,70.0,70.0,70.0,98.0
2003,CAMP,95.0,73.0,73.0,100.0,100.0,99.0
2002,CAMP,86.7,75.0,75.0,100.0,100.0,99.0
2006,HOPKINS,39.0,80.0,80.0,80.0,80.0,99.0
2005,HOPKINS,60.7,72.0,72.0,72.0,72.0,95.0
2007,HOUSTON,94.0,70.0,70.0,70.0,70.0,98.0
2006,HOUSTON,62.0,80.0,80.0,80.0,80.0,99.0
2005,HOUSTON,44.3,72.0,72.0,72.0,72.0,95.0
2004,HOUSTON,92.1,70.0,70.0,70.0,70.0,98.0
2003,HOUSTON,96.3,73.0,73.0,100.0,100.0,99.0
2002,HOUSTON,87.2,75.0,75.0,100.0,100.0,99.0
2001,HOUSTON,110.0,69.0,69.0,69.0,69.0,98.0
2000,HOUSTON,103.3,80.0,80.0,80.0,80.0,97.0
2006,RED RIVER,92.0,80.0,80.0,80.0,80.0,99.0
2005,RED RIVER,60.4,72.0,72.0,72.0,72.0,95.0
2004,RED RIVER,103.4,70.0,70.0,70.0,70.0,98.0
2003,RED RIVER,120.3,73.0,73.0,100.0,100.0,99.0
2002,RED RIVER,101.3,75.0,75.0,100.0,100.0,99.0
2001,RED RIVER,119.8,69.0,69.0,69.0,69.0,98.0
2000,RED RIVER,94.6,80.0,80.0,80.0,80.0,97.0
2019,OTHER (COMBINED) COUNTIES,113.8,65.0,65.0,100.0,51.0,93.0
2018,OTHER (COMBINED) COUNTIES,95.2,70.0,70.0,96.0,43.0,90.0
2014,OTHER (COMBINED) COUNTIES,106.2,64.0,64.0,100.0,100.0,97.0
2013,OTHER (COMBINED) COUNTIES,100.4,69.0,69.0,98.0,98.0,95.0
2012,OTHER (COMBINED) COUNTIES,99.1,70.0,70.0,70.0,70.0,95.0
2011,OTHER (COMBINED) COUNTIES,86.9,66.0,66.0,100.0,100.0,98.0
2010,OTHER (COMBINED) COUNTIES,115.7,61.0,61.0,61.0,61.0,97.0
2009,OTHER (COMBINED) COUNTIES,52.9,74.0,74.0,100.0,100.0,98.0
2008,OTHER (COMBINED) COUNTIES,94.0,66.0,66.0,99.0,99.0,97.0
2007,OTHER (COMBINED) COUNTIES,113.0,70.0,70.0,70.0,70.0,98.0
2006,OTHER (COMBINED) COUNTIES,73.0,80.0,80.0,80.0,80.0,99.0
2005,OTHER (COMBINED) COUNTIES,60.0,72.0,72.0,72.0,72.0,95.0
2004,OTHER (COMBINED) COUNTIES,65.0,70.0,70.0,70.0,70.0,98.0
2003,OTHER (COMBINED) COUNTIES,75.0,73.0,73.0,100.0,100.0,99.0
2002,OTHER (COMBINED) COUNTIES,80.0,75.0,75.0,100.0,100.0,99.0
2001,OTHER (COMBINED) COUNTIES,120.0,69.0,69.0,69.0,69.0,98.0
2000,OTHER (COMBINED) COUNTIES,62.5,80.0,80.0,80.0,80.0,97.0
2023,BRAZOS,147.7,74.0,5.0,100.0,52.0,92.0
2010,BRAZOS,123.3,61.0,61.0,61.0,61.0,97.0
2009,BRAZOS,66.3,74.0,74.0,100.0,100.0,98.0
2007,BRAZOS,147.0,70.0,70.0,70.0,70.0,98.0
2006,BRAZOS,91.0,80.0,80.0,80.0,80.0,99.0
2005,BRAZOS,93.7,72.0,72.0,72.0,72.0,95.0
2004,BRAZOS,114.7,70.0,70.0,70.0,70.0,98.0
2003,BRAZOS,88.1,73.0,73.0,100.0,100.0,99.0
2002,BRAZOS,99.8,75.0,75.0,100.0,100.0,99.0
2001,BRAZOS,118.4,69.0,69.0,69.0,69.0,98.0
2000,BRAZOS,98.1,80.0,80.0,80.0,80.0,97.0
2006,GRIMES,67.0,80.0,80.0,80.0,80.0,99.0
2005,GRIMES,25.2,72.0,72.0,72.0,72.0,95.0
2004,GRIMES,96.5,70.0,70.0,70.0,70.0,98.0
2003,GRIMES,71.9,73.0,73.0,100.0,100.0,99.0
2002,GRIMES,92.5,75.0,75.0,100.0,100.0,99.0
2001,GRIMES,120.0,69.0,69.0,69.0,69.0,98.0
2000,GRIMES,70.0,80.0,80.0,80.0,80.0,97.0
2025,ROBERTSON,147.7,74.0,74.0,97.0,55.0,93.0
2024,ROBERTSON,119.7,71.0,3.0,100.0,57.0,92.0
2022,ROBERTSON,85.2,69.0,5.0,99.0,51.0,94.0
2018,ROBERTSON,117.0,70.0,70.0,96.0,43.0,90.0
2014,ROBERTSON,154.8,64.0,64.0,100.0,100.0,97.0
2013,ROBERTSON,114.2,69.0,69.0,98.0,98.0,95.0
2009,ROBERTSON,75.2,74.0,74.0,100.0,100.0,98.0
2007,ROBERTSON,142.0,70.0,70.0,70.0,70.0,98.0
2006,ROBERTSON,108.0,80.0,80.0,80.0,80.0,99.0
2005,ROBERTSON,115.3,72.0,72.0,72.0,72.0,95.0
2004,ROBERTSON,114.8,70.0,70.0,70.0,70.0,98.0
2003,ROBERTSON,96.8,73.0,73.0,100.0,100.0,99.0
2002,ROBERTSON,111.7,75.0,75.0,100.0,100.0,99.0
2001,ROBERTSON,97.3,69.0,69.0,69.0,69.0,98.0
2000,ROBERTSON,101.0,80.0,80.0,80.0,80.0,97.0
2005,WALKER,60.6,72.0,72.0,72.0,72.0,95.0
2004,WALKER,100.7,70.0,70.0,70.0,70.0,98.0
2003,WALKER,0.0,73.0,73.0,100.0,100.0,99.0
2002,WALKER,90.0,75.0,75.0,100.0,100.0,99.0
2000,WALKER,90.8,80.0,80.0,80.0,80.0,97.0
2022,WALLER,60.2,69.0,5.0,99.0,51.0,94.0
2021,WALLER,94.1,66.0,3.0,3.0,50.0,95.0
2020,WALLER,125.3,67.0,67.0,98.0,50.0,96.0
2014,WALLER,123.4,64.0,64.0,100.0,100.0,97.0
2013,WALLER,99.4,69.0,69.0,98.0,98.0,95.0
2012,WALLER,81.1,70.0,70.0,70.0,70.0,95.0
2010,WALLER,108.8,61.0,61.0,61.0,61.0,97.0
2009,WALLER,70.7,74.0,74.0,100.0,100.0,98.0
2008,WALLER,55.0,66.0,66.0,99.0,99.0,97.0
2007,WALLER,114.0,70.0,70.0,70.0,70.0,98.0
2006,WALLER,70.0,80.0,80.0,80.0,80.0,99.0
2005,WALLER,62.0,72.0,72.0,72.0,72.0,95.0
2004,WALLER,101.3,70.0,70.0,70.0,70.0,98.0
2003,WALLER,80.1,73.0,73.0,100.0,100.0,99.0
2002,WALLER,56.9,75.0,75.0,100.0,100.0,99.0
2001,WALLER,124.1,69.0,69.0,69.0,69.0,98.0
2000,WALLER,86.8,80.0,80.0,80.0,80.0,97.0
2012,OTHER (COMBINED) COUNTIES,104.3,70.0,70.0,70.0,70.0,95.0
2011,OTHER (COMBINED) COUNTIES,82.9,66.0,66.0,100.0,100.0,98.0
2010,OTHER (COMBINED) COUNTIES,99.2,61.0,61.0,61.0,61.0,97.0
2009,OTHER (COMBINED) COUNTIES,145.1,74.0,74.0,100.0,100.0,98.0
2003,OTHER (COMBINED) COUNTIES,140.0,73.0,73.0,100.0,100.0,99.0
2002,OTHER (COMBINED) COUNTIES,0.0,75.0,75.0,100.0,100.0,99.0
2001,OTHER (COMBINED) COUNTIES,0.0,69.0,69.0,69.0,69.0,98.0
2000,OTHER (COMBINED) COUNTIES,130.0,80.0,80.0,80.0,80.0,97.0
2010,EL PASO,63.7,61.0,61.0,61.0,61.0,97.0
2002,EL PASO,202.0,75.0,75.0,100.0,100.0,99.0
2001,EL PASO,0.0,69.0,69.0,69.0,69.0,98.0
2000,EL PASO,167.8,80.0,80.0,80.0,80.0,97.0
2001,HUDSPETH,176.0,69.0,69.0,69.0,69.0,98.0
2000,HUDSPETH,106.7,80.0,80.0,80.0,80.0,97.0
2019,OTHER (COMBINED) COUNTIES,99.6,65.0,65.0,100.0,51.0,93.0
2018,OTHER (COMBINED) COUNTIES,124.4,70.0,70.0,96.0,43.0,90.0
2017,OTHER (COMBINED) COUNTIES,122.9,71.0,71.0,100.0,45.0,96.0
2016,OTHER (COMBINED) COUNTIES,107.9,52.0,52.0,99.0,38.0,93.0
2015,OTHER (COMBINED) COUNTIES,98.0,56.0,2.0,100.0,20.0,83.0
2013,OTHER (COMBINED) COUNTIES,105.8,69.0,69.0,98.0,98.0,95.0
2012,OTHER (COMBINED) COUNTIES,74.8,70.0,70.0,70.0,70.0,95.0
2011,OTHER (COMBINED) COUNTIES,91.9,66.0,66.0,100.0,100.0,98.0
2010,OTHER (COMBINED) COUNTIES,95.8,61.0,61.0,61.0,61.0,97.0
2009,OTHER (COMBINED) COUNTIES,115.1,74.0,74.0,100.0,100.0,98.0
2008,OTHER (COMBINED) COUNTIES,80.0,66.0,66.0,99.0,99.0,97.0
2007,OTHER (COMBINED) COUNTIES,84.0,70.0,70.0,70.0,70.0,98.0
2006,OTHER (COMBINED) COUNTIES,96.0,80.0,80.0,80.0,80.0,99.0
2005,OTHER (COMBINED) COUNTIES,90.0,72.0,72.0,72.0,72.0,95.0
2004,OTHER (COMBINED) COUNTIES,133.0,70.0,70.0,70.0,70.0,98.0
2003,OTHER (COMBINED) COUNTIES,93.8,73.0,73.0,100.0,100.0,99.0
2002,OTHER (COMBINED) COUNTIES,67.5,75.0,75.0,100.0,100.0,99.0
2001,OTHER (COMBINED) COUNTIES,99.3,69.0,69.0,69.0,69.0,98.0
2000,OTHER (COMBINED) COUNTIES,93.8,80.0,80.0,80.0,80.0,97.0
2019,CONCHO,116.7,65.0,65.0,100.0,51.0,93.0
2016,CONCHO,92.3,52.0,52.0,99.0,38.0,93.0
2000,CONCHO,95.0,80.0,80.0,80.0,80.0,97.0
2025,GILLESPIE,48.5,74.0,74.0,97.0,55.0,93.0
2024,GILLESPIE,64.3,71.0,3.0,100.0,57.0,92.0
2021,GILLESPIE,76.5,66.0,3.0,3.0,50.0,95.0
2020,GILLESPIE,81.2,67.0,67.0,98.0,50.0,96.0
2018,GILLESPIE,60.6,70.0,70.0,96.0,43.0,90.0
2016,GILLESPIE,75.3,52.0,52.0,99.0,38.0,93.0
2015,GILLESPIE,90.5,56.0,2.0,100.0,20.0,83.0
2013,GILLESPIE,44.2,69.0,69.0,98.0,98.0,95.0
2012,GILLESPIE,92.1,70.0,70.0,70.0,70.0,95.0
2010,GILLESPIE,73.7,61.0,61.0,61.0,61.0,97.0
2006,GILLESPIE,60.0,80.0,80.0,80.0,80.0,99.0
2005,GILLESPIE,70.0,72.0,72.0,72.0,72.0,95.0
2004,GILLESPIE,82.7,70.0,70.0,70.0,70.0,98.0
2003,GILLESPIE,78.2,73.0,73.0,100.0,100.0,99.0
2002,GILLESPIE,43.8,75.0,75.0,100.0,100.0,99.0
2001,GILLESPIE,52.9,69.0,69.0,69.0,69.0,98.0
2000,GILLESPIE,90.0,80.0,80.0,80.0,80.0,97.0
2002,LAMPASAS,80.0,75.0,75.0,100.0,100.0,99.0
2010,MCCULLOCH,56.0,61.0,61.0,61.0,61.0,97.0
2002,MCCULLOCH,73.3,75.0,75.0,100.0,100.0,99.0
2000,MCCULLOCH,94.7,80.0,80.0,80.0,80.0,97.0
2010,REAGAN,76.7,61.0,61.0,61.0,61.0,97.0
2025,TOM GREEN,84.4,74.0,74.0,97.0,55.0,93.0
2023,TOM GREEN,113.9,74.0,5.0,100.0,52.0,92.0
2022,TOM GREEN,105.4,69.0,5.0,99.0,51.0,94.0
2021,TOM GREEN,110.0,66.0,3.0,3.0,50.0,95.0
2019,TOM GREEN,120.6,65.0,65.0,100.0,51.0,93.0
2018,TOM GREEN,128.1,70.0,70.0,96.0,43.0,90.0
2017,TOM GREEN,141.0,71.0,71.0,100.0,45.0,96.0
2016,TOM GREEN,106.7,52.0,52.0,99.0,38.0,93.0
2013,TOM GREEN,175.0,69.0,69.0,98.0,98.0,95.0
2012,TOM GREEN,109.4,70.0,70.0,70.0,70.0,95.0
2010,TOM GREEN,133.6,61.0,61.0,61.0,61.0,97.0
2009,TOM GREEN,140.5,74.0,74.0,100.0,100.0,98.0
2007,TOM GREEN,192.0,70.0,70.0,70.0,70.0,98.0
2006,TOM GREEN,119.0,80.0,80.0,80.0,80.0,99.0
2005,TOM GREEN,180.5,72.0,72.0,72.0,72.0,95.0
2004,TOM GREEN,122.5,70.0,70.0,70.0,70.0,98.0
2003,TOM GREEN,118.3,73.0,73.0,100.0,100.0,99.0
2002,TOM GREEN,123.6,75.0,75.0,100.0,100.0,99.0
2001,TOM GREEN,123.3,69.0,69.0,69.0,69.0,98.0
2000,TOM GREEN,131.3,80.0,80.0,80.0,80.0,97.0
2025,UVALDE,93.5,74.0,74.0,97.0,55.0,93.0
2024,UVALDE,117.3,71.0,3.0,100.0,57.0,92.0
2023,UVALDE,114.6,74.0,5.0,100.0,52.0,92.0
2021,UVALDE,105.9,66.0,3.0,3.0,50.0,95.0
2020,UVALDE,134.5,67.0,67.0,98.0,50.0,96.0
2019,UVALDE,154.3,65.0,65.0,100.0,51.0,93.0
2018,UVALDE,119.0,70.0,70.0,96.0,43.0,90.0
2017,UVALDE,156.0,71.0,71.0,100.0,45.0,96.0
2016,UVALDE,131.0,52.0,52.0,99.0,38.0,93.0
2015,UVALDE,121.8,56.0,2.0,100.0,20.0,83.0
2013,UVALDE,131.1,69.0,69.0,98.0,98.0,95.0
2012,UVALDE,140.1,70.0,70.0,70.0,70.0,95.0
2011,UVALDE,113.3,66.0,66.0,100.0,100.0,98.0
2010,UVALDE,132.0,61.0,61.0,61.0,61.0,97.0
2009,UVALDE,102.3,74.0,74.0,100.0,100.0,98.0
2008,UVALDE,112.0,66.0,66.0,99.0,99.0,97.0
2007,UVALDE,139.0,70.0,70.0,70.0,70.0,98.0
2006,UVALDE,120.0,80.0,80.0,80.0,80.0,99.0
2005,UVALDE,119.8,72.0,72.0,72.0,72.0,95.0
2004,UVALDE,127.0,70.0,70.0,70.0,70.0,98.0
2003,UVALDE,126.8,73.0,73.0,100.0,100.0,99.0
2002,UVALDE,124.6,75.0,75.0,100.0,100.0,99.0
2001,UVALDE,122.8,69.0,69.0,69.0,69.0,98.0
2000,UVALDE,95.7,80.0,80.0,80.0,80.0,97.0
2019,OTHER (COMBINED) COUNTIES,93.2,65.0,65.0,100.0,51.0,93.0
2018,OTHER (COMBINED) COUNTIES,63.4,70.0,70.0,96.0,43.0,90.0
2017,OTHER (COMBINED) COUNTIES,104.0,71.0,71.0,100.0,45.0,96.0
2016,OTHER (COMBINED) COUNTIES,82.7,52.0,52.0,99.0,38.0,93.0
2015,OTHER (COMBINED) COUNTIES,90.5,56.0,2.0,100.0,20.0,83.0
2014,OTHER (COMBINED) COUNTIES,109.0,64.0,64.0,100.0,100.0,97.0
2013,OTHER (COMBINED) COUNTIES,51.9,69.0,69.0,98.0,98.0,95.0
2012,OTHER (COMBINED) COUNTIES,86.1,70.0,70.0,70.0,70.0,95.0
2011,OTHER (COMBINED) COUNTIES,40.0,66.0,66.0,100.0,100.0,98.0
2010,OTHER (COMBINED) COUNTIES,104.6,61.0,61.0,61.0,61.0,97.0
2009,OTHER (COMBINED) COUNTIES,36.0,74.0,74.0,100.0,100.0,98.0
2008,OTHER (COMBINED) COUNTIES,37.0,66.0,66.0,99.0,99.0,97.0
2007,OTHER (COMBINED) COUNTIES,77.0,70.0,70.0,70.0,70.0,98.0
2006,OTHER (COMBINED) COUNTIES,52.0,80.0,80.0,80.0,80.0,99.0
2005,OTHER (COMBINED) COUNTIES,56.5,72.0,72.0,72.0,72.0,95.0
2000,OTHER (COMBINED) COUNTIES,55.6,80.0,80.0,80.0,80.0,97.0
2025,AUSTIN,99.8,74.0,74.0,97.0,55.0,93.0
2024,AUSTIN,84.0,71.0,3.0,100.0,57.0,92.0
2021,AUSTIN,88.0,66.0,3.0,3.0,50.0,95.0
2020,AUSTIN,113.1,67.0,67.0,98.0,50.0,96.0
2019,AUSTIN,127.3,65.0,65.0,100.0,51.0,93.0
2018,AUSTIN,68.5,70.0,70.0,96.0,43.0,90.0
2014,AUSTIN,105.6,64.0,64.0,100.0,100.0,97.0
2013,AUSTIN,91.2,69.0,69.0,98.0,98.0,95.0
2012,AUSTIN,108.0,70.0,70.0,70.0,70.0,95.0
2011,AUSTIN,19.5,66.0,66.0,100.0,100.0,98.0
2010,AUSTIN,86.7,61.0,61.0,61.0,61.0,97.0
2007,AUSTIN,93.0,70.0,70.0,70.0,70.0,98.0
2006,AUSTIN,119.0,80.0,80.0,80.0,80.0,99.0
2005,AUSTIN,78.7,72.0,72.0,72.0,72.0,95.0
2004,AUSTIN,89.3,70.0,70.0,70.0,70.0,98.0
2003,AUSTIN,46.1,73.0,73.0,100.0,100.0,99.0
2002,AUSTIN,72.9,75.0,75.0,100.0,100.0,99.0
2001,AUSTIN,91.0,69.0,69.0,69.0,69.0,98.0
2000,AUSTIN,100.0,80.0,80.0,80.0,80.0,97.0
2014,BASTROP,86.6,64.0,64.0,100.0,100.0,97.0
2007,BASTROP,101.0,70.0,70.0,70.0,70.0,98.0
2006,BASTROP,57.0,80.0,80.0,80.0,80.0,99.0
2005,BASTROP,80.8,72.0,72.0,72.0,72.0,95.0
2004,BASTROP,109.4,70.0,70.0,70.0,70.0,98.0
2003,BASTROP,40.0,73.0,73.0,100.0,100.0,99.0
2002,BASTROP,46.7,75.0,75.0,100.0,100.0,99.0
2001,BASTROP,66.4,69.0,69.0,69.0,69.0,98.0
2000,BASTROP,72.1,80.0,80.0,80.0,80.0,97.0
2024,BEE,41.8,71.0,3.0,100.0,57.0,92.0
2023,BEE,93.9,74.0,5.0,100.0,52.0,92.0
2020,BEE,69.2,67.0,67.0,98.0,50.0,96.0
2019,BEE,87.3,65.0,65.0,100.0,51.0,93.0
2018,BEE,67.7,70.0,70.0,96.0,43.0,90.0
2017,BEE,93.6,71.0,71.0,100.0,45.0,96.0
2016,BEE,89.1,52.0,52.0,99.0,38.0,93.0
2015,BEE,84.3,56.0,2.0,100.0,20.0,83.0
2014,BEE,55.6,64.0,64.0,100.0,100.0,97.0
2012,BEE,52.9,70.0,70.0,70.0,70.0,95.0
2011,BEE,39.8,66.0,66.0,100.0,100.0,98.0
2010,BEE,92.8,61.0,61.0,61.0,61.0,97.0
2009,BEE,24.2,74.0,74.0,100.0,100.0,98.0
2008,BEE,49.0,66.0,66.0,99.0,99.0,97.0
2007,BEE,101.0,70.0,70.0,70.0,70.0,98.0
2006,BEE,71.0,80.0,80.0,80.0,80.0,99.0
2005,BEE,66.0,72.0,72.0,72.0,72.0,95.0
2004,BEE,86.2,70.0,70.0,70.0,70.0,98.0
2003,BEE,36.4,73.0,73.0,100.0,100.0,99.0
2002,BEE,34.3,75.0,75.0,100.0,100.0,99.0
2001,BEE,44.8,69.0,69.0,69.0,69.0,98.0
2000,BEE,67.0,80.0,80.0,80.0,80.0,97.0
2025,BEXAR,61.9,74.0,74.0,97.0,55.0,93.0
2024,BEXAR,68.4,71.0,3.0,100.0,57.0,92.0
2023,BEXAR,93.3,74.0,5.0,100.0,52.0,92.0
2022,BEXAR,53.0,69.0,5.0,99.0,51.0,94.0
2021,BEXAR,73.9,66.0,3.0,3.0,50.0,95.0
2020,BEXAR,107.8,67.0,67.0,98.0,50.0,96.0
2019,BEXAR,102.4,65.0,65.0,100.0,51.0,93.0
2018,BEXAR,68.2,70.0,70.0,96.0,43.0,90.0
2017,BEXAR,91.7,71.0,71.0,100.0,45.0,96.0
2016,BEXAR,96.4,52.0,52.0,99.0,38.0,93.0
2015,BEXAR,100.6,56.0,2.0,100.0,20.0,83.0
2014,BEXAR,69.9,64.0,64.0,100.0,100.0,97.0
2013,BEXAR,87.2,69.0,69.0,98.0,98.0,95.0
2012,BEXAR,83.3,70.0,70.0,70.0,70.0,95.0
2011,BEXAR,61.3,66.0,66.0,100.0,100.0,98.0
2010,BEXAR,86.6,61.0,61.0,61.0,61.0,97.0
2009,BEXAR,51.0,74.0,74.0,100.0,100.0,98.0
2008,BEXAR,61.0,66.0,66.0,99.0,99.0,97.0
2007,BEXAR,100.0,70.0,70.0,70.0,70.0,98.0
2006,BEXAR,78.0,80.0,80.0,80.0,80.0,99.0
2005,BEXAR,77.4,72.0,72.0,72.0,72.0,95.0
2004,BEXAR,90.4,70.0,70.0,70.0,70.0,98.0
2003,BEXAR,55.7,73.0,73.0,100.0,100.0,99.0
2002,BEXAR,65.6,75.0,75.0,100.0,100.0,99.0
2001,BEXAR,70.1,69.0,69.0,69.0,69.0,98.0
2000,BEXAR,71.6,80.0,80.0,80.0,80.0,97.0
2025,BURLESON,164.0,74.0,74.0,97.0,55.0,93.0
2024,BURLESON,133.2,71.0,3.0,100.0,57.0,92.0
2022,BURLESON,89.7,69.0,5.0,99.0,51.0,94.0
2021,BURLESON,130.1,66.0,3.0,3.0,50.0,95.0
2020,BURLESON,120.8,67.0,67.0,98.0,50.0,96.0
2019,BURLESON,82.7,65.0,65.0,100.0,51.0,93.0
2018,BURLESON,95.5,70.0,70.0,96.0,43.0,90.0
2017,BURLESON,124.7,71.0,71.0,100.0,45.0,96.0
2016,BURLESON,104.3,52.0,52.0,99.0,38.0,93.0
2015,BURLESON,96.1,56.0,2.0,100.0,20.0,83.0
2013,BURLESON,92.2,69.0,69.0,98.0,98.0,95.0
2012,BURLESON,102.9,70.0,70.0,70.0,70.0,95.0
2010,BURLESON,114.9,61.0,61.0,61.0,61.0,97.0
2009,BURLESON,70.7,74.0,74.0,100.0,100.0,98.0
2008,BURLESON,94.0,66.0,66.0,99.0,99.0,97.0
2007,BURLESON,149.0,70.0,70.0,70.0,70.0,98.0
2006,BURLESON,113.0,80.0,80.0,80.0,80.0,99.0
2005,BURLESON,95.5,72.0,72.0,72.0,72.0,95.0
2004,BURLESON,124.3,70.0,70.0,70.0,70.0,98.0
2003,BURLESON,82.6,73.0,73.0,100.0,100.0,99.0
2002,BURLESON,91.9,75.0,75.0,100.0,100.0,99.0
2001,BURLESON,100.7,69.0,69.0,69.0,69.0,98.0
2000,BURLESON,110.4,80.0,80.0,80.0,80.0,97.0
2025,CALDWELL,43.7,74.0,74.0,97.0,55.0,93.0
2024,CALDWELL,110.7,71.0,3.0,100.0,57.0,92.0
2022,CALDWELL,40.7,69.0,5.0,99.0,51.0,94.0
2021,CALDWELL,90.9,66.0,3.0,3.0,50.0,95.0
2019,CALDWELL,113.2,65.0,65.0,100.0,51.0,93.0
2018,CALDWELL,64.4,70.0,70.0,96.0,43.0,90.0
2017,CALDWELL,98.7,71.0,71.0,100.0,45.0,96.0
2016,CALDWELL,99.0,52.0,52.0,99.0,38.0,93.0
2015,CALDWELL,111.9,56.0,2.0,100.0,20.0,83.0
2014,CALDWELL,91.1,64.0,64.0,100.0,100.0,97.0
2013,CALDWELL,74.2,69.0,69.0,98.0,98.0,95.0
2012,CALDWELL,96.9,70.0,70.0,70.0,70.0,95.0
2011,CALDWELL,15.9,66.0,66.0,100.0,100.0,98.0
2010,CALDWELL,104.4,61.0,61.0,61.0,61.0,97.0
2007,CALDWELL,91.0,70.0,70.0,70.0,70.0,98.0
2006,CALDWELL,30.0,80.0,80.0,80.0,80.0,99.0
2005,CALDWELL,69.6,72.0,72.0,72.0,72.0,95.0
2004,CALDWELL,100.3,70.0,70.0,70.0,70.0,98.0
2003,CALDWELL,28.5,73.0,73.0,100.0,100.0,99.0
2002,CALDWELL,38.2,75.0,75.0,100.0,100.0,99.0
2001,CALDWELL,78.9,69.0,69.0,69.0,69.0,98.0
2000,CALDWELL,87.2,80.0,80.0,80.0,80.0,97.0
2025,COLORADO,139.6,74.0,74.0,97.0,55.0,93.0
2024,COLORADO,112.8,71.0,3.0,100.0,57.0,92.0
2022,COLORADO,67.6,69.0,5.0,99.0,51.0,94.0
2021,COLORADO,84.4,66.0,3.0,3.0,50.0,95.0
2020,COLORADO,130.5,67.0,67.0,98.0,50.0,96.0
2019,COLORADO,143.1,65.0,65.0,100.0,51.0,93.0
2018,COLORADO,102.2,70.0,70.0,96.0,43.0,90.0
2017,COLORADO,108.3,71.0,71.0,100.0,45.0,96.0
2016,COLORADO,95.5,52.0,52.0,99.0,38.0,93.0
2015,COLORADO,115.4,56.0,2.0,100.0,20.0,83.0
2014,COLORADO,115.9,64.0,64.0,100.0,100.0,97.0
2013,COLORADO,82.7,69.0,69.0,98.0,98.0,95.0
2012,COLORADO,81.2,70.0,70.0,70.0,70.0,95.0
2011,COLORADO,78.7,66.0,66.0,100.0,100.0,98.0
2010,COLORADO,102.8,61.0,61.0,61.0,61.0,97.0
2009,COLORADO,48.5,74.0,74.0,100.0,100.0,98.0
2008,COLORADO,68.0,66.0,66.0,99.0,99.0,97.0
2007,COLORADO,114.0,70.0,70.0,70.0,70.0,98.0
2006,COLORADO,100.0,80.0,80.0,80.0,80.0,99.0
2005,COLORADO,114.2,72.0,72.0,72.0,72.0,95.0
2004,COLORADO,83.2,70.0,70.0,70.0,70.0,98.0
2003,COLORADO,68.8,73.0,73.0,100.0,100.0,99.0
2002,COLORADO,81.2,75.0,75.0,100.0,100.0,99.0
2001,COLORADO,103.4,69.0,69.0,69.0,69.0,98.0
2000,COLORADO,102.0,80.0,80.0,80.0,80.0,97.0
2006,COMAL,58.0,80.0,80.0,80.0,80.0,99.0
2004,COMAL,86.2,70.0,70.0,70.0,70.0,98.0
2003,COMAL,40.0,73.0,73.0,100.0,100.0,99.0
2002,COMAL,51.5,75.0,75.0,100.0,100.0,99.0
2001,COMAL,68.5,69.0,69.0,69.0,69.0,98.0
2025,DE WITT,88.6,74.0,74.0,97.0,55.0,93.0
2024,DE WITT,85.2,71.0,3.0,100.0,57.0,92.0
2023,DE WITT,111.1,74.0,5.0,100.0,52.0,92.0
2022,DE WITT,60.2,69.0,5.0,99.0,51.0,94.0
2021,DE WITT,106.2,66.0,3.0,3.0,50.0,95.0
2020,DE WITT,93.8,67.0,67.0,98.0,50.0,96.0
2018,DE WITT,60.5,70.0,70.0,96.0,43.0,90.0
2015,DE WITT,56.0,56.0,2.0,100.0,20.0,83.0
2014,DE WITT,81.8,64.0,64.0,100.0,100.0,97.0
2013,DE WITT,68.0,69.0,69.0,98.0,98.0,95.0
2012,DE WITT,80.8,70.0,70.0,70.0,70.0,95.0
2011,DE WITT,29.6,66.0,66.0,100.0,100.0,98.0
2010,DE WITT,101.7,61.0,61.0,61.0,61.0,97.0
2009,DE WITT,19.3,74.0,74.0,100.0,100.0,98.0
2008,DE WITT,42.0,66.0,66.0,99.0,99.0,97.0
2007,DE WITT,107.0,70.0,70.0,70.0,70.0,98.0
2006,DE WITT,29.0,80.0,80.0,80.0,80.0,99.0
2005,DE WITT,76.9,72.0,72.0,72.0,72.0,95.0
2004,DE WITT,77.3,70.0,70.0,70.0,70.0,98.0
2003,DE WITT,50.6,73.0,73.0,100.0,100.0,99.0
2002,DE WITT,43.4,75.0,75.0,100.0,100.0,99.0
2001,DE WITT,82.4,69.0,69.0,69.0,69.0,98.0
2000,DE WITT,110.9,80.0,80.0,80.0,80.0,97.0
2025,FAYETTE,95.1,74.0,74.0,97.0,55.0,93.0
2024,FAYETTE,112.7,71.0,3.0,100.0,57.0,92.0
2023,FAYETTE,93.6,74.0,5.0,100.0,52.0,92.0
2022,FAYETTE,55.6,69.0,5.0,99.0,51.0,94.0
2021,FAYETTE,101.9,66.0,3.0,3.0,50.0,95.0
2020,FAYETTE,90.9,67.0,67.0,98.0,50.0,96.0
2019,FAYETTE,109.1,65.0,65.0,100.0,51.0,93.0
2018,FAYETTE,67.7,70.0,70.0,96.0,43.0,90.0
2017,FAYETTE,88.9,71.0,71.0,100.0,45.0,96.0
2016,FAYETTE,83.3,52.0,52.0,99.0,38.0,93.0
2015,FAYETTE,77.8,56.0,2.0,100.0,20.0,83.0
2014,FAYETTE,110.0,64.0,64.0,100.0,100.0,97.0
2013,FAYETTE,53.6,69.0,69.0,98.0,98.0,95.0
2012,FAYETTE,73.2,70.0,70.0,70.0,70.0,95.0
2011,FAYETTE,30.0,66.0,66.0,100.0,100.0,98.0
2010,FAYETTE,106.3,61.0,61.0,61.0,61.0,97.0
2009,FAYETTE,23.9,74.0,74.0,100.0,100.0,98.0
2008,FAYETTE,40.0,66.0,66.0,99.0,99.0,97.0
2007,FAYETTE,105.0,70.0,70.0,70.0,70.0,98.0
2006,FAYETTE,48.0,80.0,80.0,80.0,80.0,99.0
2005,FAYETTE,68.9,72.0,72.0,72.0,72.0,95.0
2004,FAYETTE,102.1,70.0,70.0,70.0,70.0,98.0
2003,FAYETTE,44.1,73.0,73.0,100.0,100.0,99.0
2002,FAYETTE,41.4,75.0,75.0,100.0,100.0,99.0
2001,FAYETTE,85.5,69.0,69.0,69.0,69.0,98.0
2000,FAYETTE,96.2,80.0,80.0,80.0,80.0,97.0
2024,GOLIAD,60.6,71.0,3.0,100.0,57.0,92.0
2021,GOLIAD,66.5,66.0,3.0,3.0,50.0,95.0
2016,GOLIAD,102.2,52.0,52.0,99.0,38.0,93.0
2015,GOLIAD,58.5,56.0,2.0,100.0,20.0,83.0
2014,GOLIAD,89.7,64.0,64.0,100.0,100.0,97.0
2012,GOLIAD,55.0,70.0,70.0,70.0,70.0,95.0
2011,GOLIAD,16.6,66.0,66.0,100.0,100.0,98.0
2010,GOLIAD,90.3,61.0,61.0,61.0,61.0,97.0
2007,GOLIAD,83.0,70.0,70.0,70.0,70.0,98.0
2005,GOLIAD,73.6,72.0,72.0,72.0,72.0,95.0
2004,GOLIAD,76.5,70.0,70.0,70.0,70.0,98.0
2003,GOLIAD,36.7,73.0,73.0,100.0,100.0,99.0
2002,GOLIAD,35.2,75.0,75.0,100.0,100.0,99.0
2001,GOLIAD,63.9,69.0,69.0,69.0,69.0,98.0
2000,GOLIAD,98.4,80.0,80.0,80.0,80.0,97.0
2025,GONZALES,82.2,74.0,74.0,97.0,55.0,93.0
2024,GONZALES,94.6,71.0,3.0,100.0,57.0,92.0
2023,GONZALES,123.9,74.0,5.0,100.0,52.0,92.0
2022,GONZALES,56.0,69.0,5.0,99.0,51.0,94.0
2021,GONZALES,95.6,66.0,3.0,3.0,50.0,95.0
2019,GONZALES,117.6,65.0,65.0,100.0,51.0,93.0
2018,GONZALES,75.9,70.0,70.0,96.0,43.0,90.0
2017,GONZALES,101.5,71.0,71.0,100.0,45.0,96.0
2016,GONZALES,100.8,52.0,52.0,99.0,38.0,93.0
2013,GONZALES,84.0,69.0,69.0,98.0,98.0,95.0
2012,GONZALES,110.3,70.0,70.0,70.0,70.0,95.0
2010,GONZALES,112.4,61.0,61.0,61.0,61.0,97.0
2009,GONZALES,29.2,74.0,74.0,100.0,100.0,98.0
2008,GONZALES,46.0,66.0,66.0,99.0,99.0,97.0
2007,GONZALES,102.0,70.0,70.0,70.0,70.0,98.0
2005,GONZALES,81.5,72.0,72.0,72.0,72.0,95.0
2004,GONZALES,97.9,70.0,70.0,70.0,70.0,98.0
2003,GONZALES,37.0,73.0,73.0,100.0,100.0,99.0
2002,GONZALES,40.6,75.0,75.0,100.0,100.0,99.0
2001,GONZALES,63.6,69.0,69.0,69.0,69.0,98.0
2000,GONZALES,108.9,80.0,80.0,80.0,80.0,97.0
2025,GUADALUPE,47.0,74.0,74.0,97.0,55.0,93.0
2024,GUADALUPE,69.1,71.0,3.0,100.0,57.0,92.0
2023,GUADALUPE,86.0,74.0,5.0,100.0,52.0,92.0
2022,GUADALUPE,33.5,69.0,5.0,99.0,51.0,94.0
2021,GUADALUPE,94.0,66.0,3.0,3.0,50.0,95.0
2020,GUADALUPE,88.3,67.0,67.0,98.0,50.0,96.0
2019,GUADALUPE,95.7,65.0,65.0,100.0,51.0,93.0
2018,GUADALUPE,57.7,70.0,70.0,96.0,43.0,90.0
2017,GUADALUPE,75.4,71.0,71.0,100.0,45.0,96.0
2016,GUADALUPE,91.1,52.0,52.0,99.0,38.0,93.0
2015,GUADALUPE,108.8,56.0,2.0,100.0,20.0,83.0
2014,GUADALUPE,54.7,64.0,64.0,100.0,100.0,97.0
2013,GUADALUPE,64.5,69.0,69.0,98.0,98.0,95.0
2012,GUADALUPE,78.2,70.0,70.0,70.0,70.0,95.0
2011,GUADALUPE,15.6,66.0,66.0,100.0,100.0,98.0
2010,GUADALUPE,92.5,61.0,61.0,61.0,61.0,97.0
2008,GUADALUPE,24.0,66.0,66.0,99.0,99.0,97.0
2007,GUADALUPE,86.0,70.0,70.0,70.0,70.0,98.0
2006,GUADALUPE,26.0,80.0,80.0,80.0,80.0,99.0
2005,GUADALUPE,55.1,72.0,72.0,72.0,72.0,95.0
2004,GUADALUPE,88.1,70.0,70.0,70.0,70.0,98.0
2003,GUADALUPE,24.2,73.0,73.0,100.0,100.0,99.0
2002,GUADALUPE,40.3,75.0,75.0,100.0,100.0,99.0
2001,GUADALUPE,71.0,69.0,69.0,69.0,69.0,98.0
2000,GUADALUPE,82.0,80.0,80.0,80.0,80.0,97.0
2022,HAYS,30.1,69.0,5.0,99.0,51.0,94.0
2021,HAYS,92.0,66.0,3.0,3.0,50.0,95.0
2020,HAYS,109.4,67.0,67.0,98.0,50.0,96.0
2019,HAYS,105.0,65.0,65.0,100.0,51.0,93.0
2018,HAYS,70.0,70.0,70.0,96.0,43.0,90.0
2017,HAYS,99.8,71.0,71.0,100.0,45.0,96.0
2016,HAYS,82.4,52.0,52.0,99.0,38.0,93.0
2014,HAYS,81.9,64.0,64.0,100.0,100.0,97.0
2011,HAYS,12.6,66.0,66.0,100.0,100.0,98.0
2006,HAYS,26.0,80.0,80.0,80.0,80.0,99.0
2005,HAYS,50.9,72.0,72.0,72.0,72.0,95.0
2004,HAYS,91.1,70.0,70.0,70.0,70.0,98.0
2003,HAYS,30.9,73.0,73.0,100.0,100.0,99.0
2002,HAYS,30.9,75.0,75.0,100.0,100.0,99.0
2001,HAYS,60.4,69.0,69.0,69.0,69.0,98.0
2000,HAYS,87.6,80.0,80.0,80.0,80.0,97.0
2024,KARNES,62.4,71.0,3.0,100.0,57.0,92.0
2023,KARNES,80.2,74.0,5.0,100.0,52.0,92.0
2020,KARNES,71.1,67.0,67.0,98.0,50.0,96.0
2017,KARNES,84.5,71.0,71.0,100.0,45.0,96.0
2016,KARNES,95.2,52.0,52.0,99.0,38.0,93.0
2015,KARNES,73.8,56.0,2.0,100.0,20.0,83.0
2012,KARNES,49.1,70.0,70.0,70.0,70.0,95.0
2011,KARNES,20.8,66.0,66.0,100.0,100.0,98.0
2010,KARNES,83.5,61.0,61.0,61.0,61.0,97.0
2007,KARNES,76.0,70.0,70.0,70.0,70.0,98.0
2006,KARNES,58.0,80.0,80.0,80.0,80.0,99.0
2005,KARNES,51.8,72.0,72.0,72.0,72.0,95.0
2004,KARNES,65.8,70.0,70.0,70.0,70.0,98.0
2003,KARNES,35.9,73.0,73.0,100.0,100.0,99.0
2002,KARNES,14.5,75.0,75.0,100.0,100.0,99.0
2001,KARNES,41.0,69.0,69.0,69.0,69.0,98.0
2000,KARNES,61.1,80.0,80.0,80.0,80.0,97.0
2024,LAVACA,100.5,71.0,3.0,100.0,57.0,92.0
2023,LAVACA,101.7,74.0,5.0,100.0,52.0,92.0
2022,LAVACA,57.7,69.0,5.0,99.0,51.0,94.0
2021,LAVACA,78.7,66.0,3.0,3.0,50.0,95.0
2020,LAVACA,100.4,67.0,67.0,98.0,50.0,96.0
2018,LAVACA,76.9,70.0,70.0,96.0,43.0,90.0
2017,LAVACA,92.4,71.0,71.0,100.0,45.0,96.0
2016,LAVACA,78.0,52.0,52.0,99.0,38.0,93.0
2014,LAVACA,78.9,64.0,64.0,100.0,100.0,97.0
2013,LAVACA,65.6,69.0,69.0,98.0,98.0,95.0
2012,LAVACA,74.8,70.0,70.0,70.0,70.0,95.0
2011,LAVACA,34.1,66.0,66.0,100.0,100.0,98.0
2010,LAVACA,83.3,61.0,61.0,61.0,61.0,97.0
2009,LAVACA,32.7,74.0,74.0,100.0,100.0,98.0
2007,LAVACA,85.0,70.0,70.0,70.0,70.0,98.0
2006,LAVACA,37.0,80.0,80.0,80.0,80.0,99.0
2005,LAVACA,60.0,72.0,72.0,72.0,72.0,95.0
2004,LAVACA,70.7,70.0,70.0,70.0,70.0,98.0
2003,LAVACA,40.4,73.0,73.0,100.0,100.0,99.0
2002,LAVACA,36.7,75.0,75.0,100.0,100.0,99.0
2001,LAVACA,73.1,69.0,69.0,69.0,69.0,98.0
2000,LAVACA,98.0,80.0,80.0,80.0,80.0,97.0
2024,LEE,115.3,71.0,3.0,100.0,57.0,92.0
2022,LEE,52.4,69.0,5.0,99.0,51.0,94.0
2021,LEE,86.0,66.0,3.0,3.0,50.0,95.0
2019,LEE,129.0,65.0,65.0,100.0,51.0,93.0
2018,LEE,70.3,70.0,70.0,96.0,43.0,90.0
2016,LEE,60.0,52.0,52.0,99.0,38.0,93.0
2014,LEE,94.2,64.0,64.0,100.0,100.0,97.0
2013,LEE,58.9,69.0,69.0,98.0,98.0,95.0
2011,LEE,13.0,66.0,66.0,100.0,100.0,98.0
2008,LEE,44.0,66.0,66.0,99.0,99.0,97.0
2005,LEE,59.0,72.0,72.0,72.0,72.0,95.0
2004,LEE,85.0,70.0,70.0,70.0,70.0,98.0
2003,LEE,66.7,73.0,73.0,100.0,100.0,99.0
2002,LEE,44.2,75.0,75.0,100.0,100.0,99.0
2001,LEE,80.7,69.0,69.0,69.0,69.0,98.0
2000,LEE,82.0,80.0,80.0,80.0,80.0,97.0
2025,MEDINA,90.2,74.0,74.0,97.0,55.0,93.0
2024,MEDINA,96.9,71.0,3.0,100.0,57.0,92.0
2023,MEDINA,126.1,74.0,5.0,100.0,52.0,92.0
2021,MEDINA,80.0,66.0,3.0,3.0,50.0,95.0
2020,MEDINA,110.7,67.0,67.0,98.0,50.0,96.0
2019,MEDINA,140.9,65.0,65.0,100.0,51.0,93.0
2018,MEDINA,100.0,70.0,70.0,96.0,43.0,90.0
2017,MEDINA,124.7,71.0,71.0,100.0,45.0,96.0
2016,MEDINA,117.7,52.0,52.0,99.0,38.0,93.0
2015,MEDINA,122.4,56.0,2.0,100.0,20.0,83.0
2014,MEDINA,103.6,64.0,64.0,100.0,100.0,97.0
2013,MEDINA,117.1,69.0,69.0,98.0,98.0,95.0
2012,MEDINA,119.7,70.0,70.0,70.0,70.0,95.0
2011,MEDINA,121.3,66.0,66.0,100.0,100.0,98.0
2010,MEDINA,122.7,61.0,61.0,61.0,61.0,97.0
2009,MEDINA,94.1,74.0,74.0,100.0,100.0,98.0
2008,MEDINA,102.0,66.0,66.0,99.0,99.0,97.0
2007,MEDINA,127.0,70.0,70.0,70.0,70.0,98.0
2006,MEDINA,100.0,80.0,80.0,80.0,80.0,99.0
2005,MEDINA,106.6,72.0,72.0,72.0,72.0,95.0
2004,MEDINA,105.0,70.0,70.0,70.0,70.0,98.0
2003,MEDINA,92.7,73.0,73.0,100.0,100.0,99.0
2002,MEDINA,85.9,75.0,75.0,100.0,100.0,99.0
2001,MEDINA,95.1,69.0,69.0,69.0,69.0,98.0
2000,MEDINA,74.0,80.0,80.0,80.0,80.0,97.0
2025,TRAVIS,96.9,74.0,74.0,97.0,55.0,93.0
2024,TRAVIS,99.6,71.0,3.0,100.0,57.0,92.0
2023,TRAVIS,93.2,74.0,5.0,100.0,52.0,92.0
2021,TRAVIS,78.0,66.0,3.0,3.0,50.0,95.0
2019,TRAVIS,76.3,65.0,65.0,100.0,51.0,93.0
2018,TRAVIS,60.1,70.0,70.0,96.0,43.0,90.0
2017,TRAVIS,91.0,71.0,71.0,100.0,45.0,96.0
2016,TRAVIS,65.1,52.0,52.0,99.0,38.0,93.0
2015,TRAVIS,50.5,56.0,2.0,100.0,20.0,83.0
2014,TRAVIS,71.3,64.0,64.0,100.0,100.0,97.0
2013,TRAVIS,54.3,69.0,69.0,98.0,98.0,95.0
2012,TRAVIS,72.8,70.0,70.0,70.0,70.0,95.0
2011,TRAVIS,22.8,66.0,66.0,100.0,100.0,98.0
2010,TRAVIS,86.7,61.0,61.0,61.0,61.0,97.0
2009,TRAVIS,27.2,74.0,74.0,100.0,100.0,98.0
2008,TRAVIS,47.0,66.0,66.0,99.0,99.0,97.0
2007,TRAVIS,79.0,70.0,70.0,70.0,70.0,98.0
2006,TRAVIS,75.0,80.0,80.0,80.0,80.0,99.0
2005,TRAVIS,55.2,72.0,72.0,72.0,72.0,95.0
2004,TRAVIS,93.9,70.0,70.0,70.0,70.0,98.0
2003,TRAVIS,62.5,73.0,73.0,100.0,100.0,99.0
2002,TRAVIS,39.0,75.0,75.0,100.0,100.0,99.0
2001,TRAVIS,73.1,69.0,69.0,69.0,69.0,98.0
2000,TRAVIS,76.4,80.0,80.0,80.0,80.0,97.0
2004,WASHINGTON,60.0,70.0,70.0,70.0,70.0,98.0
2003,WASHINGTON,43.3,73.0,73.0,100.0,100.0,99.0
2002,WASHINGTON,50.6,75.0,75.0,100.0,100.0,99.0
2001,WASHINGTON,35.0,69.0,69.0,69.0,69.0,98.0
2000,WASHINGTON,67.7,80.0,80.0,80.0,80.0,97.0
2022,WILSON,51.0,69.0,5.0,99.0,51.0,94.0
2019,WILSON,125.6,65.0,65.0,100.0,51.0,93.0
2018,WILSON,78.5,70.0,70.0,96.0,43.0,90.0
2017,WILSON,116.4,71.0,71.0,100.0,45.0,96.0
2016,WILSON,111.9,52.0,52.0,99.0,38.0,93.0
2015,WILSON,101.4,56.0,2.0,100.0,20.0,83.0
2014,WILSON,105.5,64.0,64.0,100.0,100.0,97.0
2013,WILSON,92.2,69.0,69.0,98.0,98.0,95.0
2012,WILSON,104.6,70.0,70.0,70.0,70.0,95.0
2011,WILSON,69.0,66.0,66.0,100.0,100.0,98.0
2010,WILSON,97.6,61.0,61.0,61.0,61.0,97.0
2008,WILSON,68.0,66.0,66.0,99.0,99.0,97.0
2007,WILSON,100.0,70.0,70.0,70.0,70.0,98.0
2006,WILSON,86.0,80.0,80.0,80.0,80.0,99.0
2005,WILSON,64.6,72.0,72.0,72.0,72.0,95.0
2004,WILSON,75.5,70.0,70.0,70.0,70.0,98.0
2003,WILSON,51.3,73.0,73.0,100.0,100.0,99.0
2002,WILSON,50.8,75.0,75.0,100.0,100.0,99.0
2001,WILSON,51.3,69.0,69.0,69.0,69.0,98.0
2000,WILSON,103.9,80.0,80.0,80.0,80.0,97.0
2019,OTHER (COMBINED) COUNTIES,93.8,65.0,65.0,100.0,51.0,93.0
2018,OTHER (COMBINED) COUNTIES,67.1,70.0,70.0,96.0,43.0,90.0
2017,OTHER (COMBINED) COUNTIES,93.0,71.0,71.0,100.0,45.0,96.0
2016,OTHER (COMBINED) COUNTIES,75.6,52.0,52.0,99.0,38.0,93.0
2015,OTHER (COMBINED) COUNTIES,64.9,56.0,2.0,100.0,20.0,83.0
2014,OTHER (COMBINED) COUNTIES,49.2,64.0,64.0,100.0,100.0,97.0
2013,OTHER (COMBINED) COUNTIES,69.8,69.0,69.0,98.0,98.0,95.0
2012,OTHER (COMBINED) COUNTIES,56.0,70.0,70.0,70.0,70.0,95.0
2011,OTHER (COMBINED) COUNTIES,77.3,66.0,66.0,100.0,100.0,98.0
2010,OTHER (COMBINED) COUNTIES,99.9,61.0,61.0,61.0,61.0,97.0
2008,OTHER (COMBINED) COUNTIES,62.0,66.0,66.0,99.0,99.0,97.0
2007,OTHER (COMBINED) COUNTIES,94.0,70.0,70.0,70.0,70.0,98.0
2003,OTHER (COMBINED) COUNTIES,50.0,73.0,73.0,100.0,100.0,99.0
2000,OTHER (COMBINED) COUNTIES,70.0,80.0,80.0,80.0,80.0,97.0
2025,KLEBERG,77.9,74.0,74.0,97.0,55.0,93.0
2020,KLEBERG,49.8,67.0,67.0,98.0,50.0,96.0
2018,KLEBERG,62.0,70.0,70.0,96.0,43.0,90.0
2017,KLEBERG,88.7,71.0,71.0,100.0,45.0,96.0
2005,KLEBERG,60.0,72.0,72.0,72.0,72.0,95.0
2002,KLEBERG,19.3,75.0,75.0,100.0,100.0,99.0
2000,KLEBERG,64.6,80.0,80.0,80.0,80.0,97.0
2023,NUECES,89.4,74.0,5.0,100.0,52.0,92.0
2021,NUECES,74.7,66.0,3.0,3.0,50.0,95.0
2020,NUECES,81.8,67.0,67.0,98.0,50.0,96.0
2019,NUECES,99.9,65.0,65.0,100.0,51.0,93.0
2017,NUECES,87.7,71.0,71.0,100.0,45.0,96.0
2016,NUECES,92.1,52.0,52.0,99.0,38.0,93.0
2015,NUECES,62.5,56.0,2.0,100.0,20.0,83.0
2014,NUECES,56.6,64.0,64.0,100.0,100.0,97.0
2013,NUECES,35.5,69.0,69.0,98.0,98.0,95.0
2011,NUECES,43.8,66.0,66.0,100.0,100.0,98.0
2010,NUECES,84.0,61.0,61.0,61.0,61.0,97.0
2008,NUECES,39.0,66.0,66.0,99.0,99.0,97.0
2007,NUECES,88.0,70.0,70.0,70.0,70.0,98.0
2006,NUECES,69.0,80.0,80.0,80.0,80.0,99.0
2005,NUECES,50.7,72.0,72.0,72.0,72.0,95.0
2004,NUECES,90.8,70.0,70.0,70.0,70.0,98.0
2003,NUECES,60.3,73.0,73.0,100.0,100.0,99.0
2002,NUECES,42.0,75.0,75.0,100.0,100.0,99.0
2001,NUECES,57.2,69.0,69.0,69.0,69.0,98.0
2000,NUECES,53.5,80.0,80.0,80.0,80.0,97.0
2024,REFUGIO,99.4,71.0,3.0,100.0,57.0,92.0
2020,REFUGIO,108.7,67.0,67.0,98.0,50.0,96.0
2006,REFUGIO,44.0,80.0,80.0,80.0,80.0,99.0
2005,REFUGIO,74.3,72.0,72.0,72.0,72.0,95.0
2004,REFUGIO,56.7,70.0,70.0,70.0,70.0,98.0
2003,REFUGIO,48.1,73.0,73.0,100.0,100.0,99.0
2002,REFUGIO,59.3,75.0,75.0,100.0,100.0,99.0
2001,REFUGIO,92.2,69.0,69.0,69.0,69.0,98.0
2000,REFUGIO,75.5,80.0,80.0,80.0,80.0,97.0
2025,SAN PATRICIO,81.4,74.0,74.0,97.0,55.0,93.0
2024,SAN PATRICIO,59.3,71.0,3.0,100.0,57.0,92.0
2023,SAN PATRICIO,104.1,74.0,5.0,100.0,52.0,92.0
2022,SAN PATRICIO,34.9,69.0,5.0,99.0,51.0,94.0
2021,SAN PATRICIO,89.6,66.0,3.0,3.0,50.0,95.0
2020,SAN PATRICIO,75.2,67.0,67.0,98.0,50.0,96.0
2018,SAN PATRICIO,70.1,70.0,70.0,96.0,43.0,90.0
2017,SAN PATRICIO,92.2,71.0,71.0,100.0,45.0,96.0
2016,SAN PATRICIO,100.1,52.0,52.0,99.0,38.0,93.0
2015,SAN PATRICIO,83.5,56.0,2.0,100.0,20.0,83.0
2014,SAN PATRICIO,81.7,64.0,64.0,100.0,100.0,97.0
2013,SAN PATRICIO,41.3,69.0,69.0,98.0,98.0,95.0
2012,SAN PATRICIO,64.3,70.0,70.0,70.0,70.0,95.0
2011,SAN PATRICIO,61.8,66.0,66.0,100.0,100.0,98.0
2010,SAN PATRICIO,100.1,61.0,61.0,61.0,61.0,97.0
2007,SAN PATRICIO,118.0,70.0,70.0,70.0,70.0,98.0
2006,SAN PATRICIO,74.0,80.0,80.0,80.0,80.0,99.0
2005,SAN PATRICIO,77.9,72.0,72.0,72.0,72.0,95.0
2004,SAN PATRICIO,82.2,70.0,70.0,70.0,70.0,98.0
2003,SAN PATRICIO,59.7,73.0,73.0,100.0,100.0,99.0
2002,SAN PATRICIO,33.0,75.0,75.0,100.0,100.0,99.0
2001,SAN PATRICIO,53.6,69.0,69.0,69.0,69.0,98.0
2000,SAN PATRICIO,76.0,80.0,80.0,80.0,80.0,97.0
2019,OTHER (COMBINED) COUNTIES,132.3,65.0,65.0,100.0,51.0,93.0
2018,OTHER (COMBINED) COUNTIES,91.7,70.0,70.0,96.0,43.0,90.0
2017,OTHER (COMBINED) COUNTIES,109.6,71.0,71.0,100.0,45.0,96.0
2016,OTHER (COMBINED) COUNTIES,96.4,52.0,52.0,99.0,38.0,93.0
2015,OTHER (COMBINED) COUNTIES,89.4,56.0,2.0,100.0,20.0,83.0
2014,OTHER (COMBINED) COUNTIES,114.3,64.0,64.0,100.0,100.0,97.0
2013,OTHER (COMBINED) COUNTIES,99.3,69.0,69.0,98.0,98.0,95.0
2012,OTHER (COMBINED) COUNTIES,90.4,70.0,70.0,70.0,70.0,95.0
2011,OTHER (COMBINED) COUNTIES,11.1,66.0,66.0,100.0,100.0,98.0
2010,OTHER (COMBINED) COUNTIES,118.4,61.0,61.0,61.0,61.0,97.0
2009,OTHER (COMBINED) COUNTIES,58.5,74.0,74.0,100.0,100.0,98.0
2008,OTHER (COMBINED) COUNTIES,87.0,66.0,66.0,99.0,99.0,97.0
2007,OTHER (COMBINED) COUNTIES,106.0,70.0,70.0,70.0,70.0,98.0
2004,OTHER (COMBINED) COUNTIES,0.0,70.0,70.0,70.0,70.0,98.0
2003,OTHER (COMBINED) COUNTIES,57.5,73.0,73.0,100.0,100.0,99.0
2001,OTHER (COMBINED) COUNTIES,105.0,69.0,69.0,69.0,69.0,98.0
2016,BRAZORIA,84.1,52.0,52.0,99.0,38.0,93.0
2012,BRAZORIA,118.8,70.0,70.0,70.0,70.0,95.0
2011,BRAZORIA,43.0,66.0,66.0,100.0,100.0,98.0
2006,BRAZORIA,75.0,80.0,80.0,80.0,80.0,99.0
2005,BRAZORIA,98.5,72.0,72.0,72.0,72.0,95.0
2004,BRAZORIA,96.2,70.0,70.0,70.0,70.0,98.0
2003,BRAZORIA,67.6,73.0,73.0,100.0,100.0,99.0
2002,BRAZORIA,29.6,75.0,75.0,100.0,100.0,99.0
2001,BRAZORIA,100.0,69.0,69.0,69.0,69.0,98.0
2000,BRAZORIA,134.7,80.0,80.0,80.0,80.0,97.0
2024,CALHOUN,112.3,71.0,3.0,100.0,57.0,92.0
2023,CALHOUN,131.3,74.0,5.0,100.0,52.0,92.0
2022,CALHOUN,76.2,69.0,5.0,99.0,51.0,94.0
2020,CALHOUN,118.2,67.0,67.0,98.0,50.0,96.0
2019,CALHOUN,114.1,65.0,65.0,100.0,51.0,93.0
2018,CALHOUN,88.8,70.0,70.0,96.0,43.0,90.0
2017,CALHOUN,115.6,71.0,71.0,100.0,45.0,96.0
2016,CALHOUN,119.2,52.0,52.0,99.0,38.0,93.0
2015,CALHOUN,72.5,56.0,2.0,100.0,20.0,83.0
2014,CALHOUN,77.8,64.0,64.0,100.0,100.0,97.0
2013,CALHOUN,88.3,69.0,69.0,98.0,98.0,95.0
2012,CALHOUN,73.7,70.0,70.0,70.0,70.0,95.0
2011,CALHOUN,51.7,66.0,66.0,100.0,100.0,98.0
2010,CALHOUN,109.5,61.0,61.0,61.0,61.0,97.0
2009,CALHOUN,44.2,74.0,74.0,100.0,100.0,98.0
2008,CALHOUN,76.0,66.0,66.0,99.0,99.0,97.0
2007,CALHOUN,87.0,70.0,70.0,70.0,70.0,98.0
2006,CALHOUN,85.0,80.0,80.0,80.0,80.0,99.0
2005,CALHOUN,118.5,72.0,72.0,72.0,72.0,95.0
2004,CALHOUN,95.0,70.0,70.0,70.0,70.0,98.0
2003,CALHOUN,65.4,73.0,73.0,100.0,100.0,99.0
2002,CALHOUN,56.1,75.0,75.0,100.0,100.0,99.0
2001,CALHOUN,100.0,69.0,69.0,69.0,69.0,98.0
2000,CALHOUN,100.4,80.0,80.0,80.0,80.0,97.0
2002,CHAMBERS,90.0,75.0,75.0,100.0,100.0,99.0
2000,CHAMBERS,49.3,80.0,80.0,80.0,80.0,97.0
2025,FORT BEND,144.5,74.0,74.0,97.0,55.0,93.0
2024,FORT BEND,109.2,71.0,3.0,100.0,57.0,92.0
2023,FORT BEND,114.5,74.0,5.0,100.0,52.0,92.0
2022,FORT BEND,72.7,69.0,5.0,99.0,51.0,94.0
2021,FORT BEND,131.6,66.0,3.0,3.0,50.0,95.0
2020,FORT BEND,158.1,67.0,67.0,98.0,50.0,96.0
2018,FORT BEND,93.3,70.0,70.0,96.0,43.0,90.0
2017,FORT BEND,118.1,71.0,71.0,100.0,45.0,96.0
2016,FORT BEND,105.4,52.0,52.0,99.0,38.0,93.0
2014,FORT BEND,127.7,64.0,64.0,100.0,100.0,97.0
2013,FORT BEND,97.1,69.0,69.0,98.0,98.0,95.0
2012,FORT BEND,102.1,70.0,70.0,70.0,70.0,95.0
2011,FORT BEND,39.4,66.0,66.0,100.0,100.0,98.0
2010,FORT BEND,104.9,61.0,61.0,61.0,61.0,97.0
2009,FORT BEND,53.4,74.0,74.0,100.0,100.0,98.0
2008,FORT BEND,64.0,66.0,66.0,99.0,99.0,97.0
2007,FORT BEND,120.0,70.0,70.0,70.0,70.0,98.0
2006,FORT BEND,94.0,80.0,80.0,80.0,80.0,99.0
2005,FORT BEND,100.6,72.0,72.0,72.0,72.0,95.0
2004,FORT BEND,96.3,70.0,70.0,70.0,70.0,98.0
2003,FORT BEND,41.2,73.0,73.0,100.0,100.0,99.0
2002,FORT BEND,65.1,75.0,75.0,100.0,100.0,99.0
2001,FORT BEND,107.7,69.0,69.0,69.0,69.0,98.0
2000,FORT BEND,108.4,80.0,80.0,80.0,80.0,97.0
2007,HARRIS,134.0,70.0,70.0,70.0,70.0,98.0
2006,HARRIS,80.0,80.0,80.0,80.0,80.0,99.0
2005,HARRIS,58.4,72.0,72.0,72.0,72.0,95.0
2004,HARRIS,94.8,70.0,70.0,70.0,70.0,98.0
2003,HARRIS,62.1,73.0,73.0,100.0,100.0,99.0
2002,HARRIS,82.4,75.0,75.0,100.0,100.0,99.0
2001,HARRIS,113.5,69.0,69.0,69.0,69.0,98.0
2000,HARRIS,85.5,80.0,80.0,80.0,80.0,97.0
2025,JACKSON,117.0,74.0,74.0,97.0,55.0,93.0
2024,JACKSON,118.1,71.0,3.0,100.0,57.0,92.0
2023,JACKSON,114.1,74.0,5.0,100.0,52.0,92.0
2022,JACKSON,57.2,69.0,5.0,99.0,51.0,94.0
2021,JACKSON,116.2,66.0,3.0,3.0,50.0,95.0
2020,JACKSON,115.9,67.0,67.0,98.0,50.0,96.0
2019,JACKSON,110.6,65.0,65.0,100.0,51.0,93.0
2018,JACKSON,87.8,70.0,70.0,96.0,43.0,90.0
2017,JACKSON,107.9,71.0,71.0,100.0,45.0,96.0
2016,JACKSON,111.1,52.0,52.0,99.0,38.0,93.0
2015,JACKSON,83.1,56.0,2.0,100.0,20.0,83.0
2014,JACKSON,102.8,64.0,64.0,100.0,100.0,97.0
2013,JACKSON,77.1,69.0,69.0,98.0,98.0,95.0
2012,JACKSON,90.4,70.0,70.0,70.0,70.0,95.0
2011,JACKSON,47.9,66.0,66.0,100.0,100.0,98.0
2010,JACKSON,106.3,61.0,61.0,61.0,61.0,97.0
2009,JACKSON,45.3,74.0,74.0,100.0,100.0,98.0
2008,JACKSON,72.0,66.0,66.0,99.0,99.0,97.0
2007,JACKSON,114.0,70.0,70.0,70.0,70.0,98.0
2006,JACKSON,104.0,80.0,80.0,80.0,80.0,99.0
2005,JACKSON,96.3,72.0,72.0,72.0,72.0,95.0
2004,JACKSON,85.9,70.0,70.0,70.0,70.0,98.0
2003,JACKSON,49.7,73.0,73.0,100.0,100.0,99.0
2002,JACKSON,64.2,75.0,75.0,100.0,100.0,99.0
2001,JACKSON,81.8,69.0,69.0,69.0,69.0,98.0
2000,JACKSON,109.2,80.0,80.0,80.0,80.0,97.0
2002,JEFFERSON,90.0,75.0,75.0,100.0,100.0,99.0
2001,JEFFERSON,90.0,69.0,69.0,69.0,69.0,98.0
2000,JEFFERSON,21.0,80.0,80.0,80.0,80.0,97.0
2010,LIBERTY,57.5,61.0,61.0,61.0,61.0,97.0
2007,LIBERTY,53.0,70.0,70.0,70.0,70.0,98.0
2006,LIBERTY,80.0,80.0,80.0,80.0,80.0,99.0
2005,LIBERTY,60.6,72.0,72.0,72.0,72.0,95.0
2004,LIBERTY,42.2,70.0,70.0,70.0,70.0,98.0
2003,LIBERTY,65.7,73.0,73.0,100.0,100.0,99.0
2002,LIBERTY,57.5,75.0,75.0,100.0,100.0,99.0
2001,LIBERTY,68.1,69.0,69.0,69.0,69.0,98.0
2000,LIBERTY,46.3,80.0,80.0,80.0,80.0,97.0
2025,MATAGORDA,131.2,74.0,74.0,97.0,55.0,93.0
2024,MATAGORDA,104.0,71.0,3.0,100.0,57.0,92.0
2023,MATAGORDA,128.8,74.0,5.0,100.0,52.0,92.0
2022,MATAGORDA,89.8,69.0,5.0,99.0,51.0,94.0
2021,MATAGORDA,104.0,66.0,3.0,3.0,50.0,95.0
2020,MATAGORDA,113.9,67.0,67.0,98.0,50.0,96.0
2019,MATAGORDA,104.3,65.0,65.0,100.0,51.0,93.0
2018,MATAGORDA,90.7,70.0,70.0,96.0,43.0,90.0
2017,MATAGORDA,106.0,71.0,71.0,100.0,45.0,96.0
2016,MATAGORDA,107.4,52.0,52.0,99.0,38.0,93.0
2015,MATAGORDA,82.9,56.0,2.0,100.0,20.0,83.0
2014,MATAGORDA,107.4,64.0,64.0,100.0,100.0,97.0
2013,MATAGORDA,89.9,69.0,69.0,98.0,98.0,95.0
2012,MATAGORDA,104.6,70.0,70.0,70.0,70.0,95.0
2011,MATAGORDA,55.3,66.0,66.0,100.0,100.0,98.0
2010,MATAGORDA,105.4,61.0,61.0,61.0,61.0,97.0
2009,MATAGORDA,67.3,74.0,74.0,100.0,100.0,98.0
2008,MATAGORDA,75.0,66.0,66.0,99.0,99.0,97.0
2007,MATAGORDA,112.0,70.0,70.0,70.0,70.0,98.0
2006,MATAGORDA,121.0,80.0,80.0,80.0,80.0,99.0
2005,MATAGORDA,115.4,72.0,72.0,72.0,72.0,95.0
2004,MATAGORDA,93.1,70.0,70.0,70.0,70.0,98.0
2003,MATAGORDA,50.0,73.0,73.0,100.0,100.0,99.0
2002,MATAGORDA,32.5,75.0,75.0,100.0,100.0,99.0
2001,MATAGORDA,100.0,69.0,69.0,69.0,69.0,98.0
2000,MATAGORDA,99.7,80.0,80.0,80.0,80.0,97.0
2025,VICTORIA,138.4,74.0,74.0,97.0,55.0,93.0
2024,VICTORIA,103.1,71.0,3.0,100.0,57.0,92.0
2023,VICTORIA,117.4,74.0,5.0,100.0,52.0,92.0
2022,VICTORIA,74.3,69.0,5.0,99.0,51.0,94.0
2021,VICTORIA,99.6,66.0,3.0,3.0,50.0,95.0
2020,VICTORIA,91.2,67.0,67.0,98.0,50.0,96.0
2019,VICTORIA,114.8,65.0,65.0,100.0,51.0,93.0
2018,VICTORIA,92.2,70.0,70.0,96.0,43.0,90.0
2017,VICTORIA,112.7,71.0,71.0,100.0,45.0,96.0
2016,VICTORIA,110.7,52.0,52.0,99.0,38.0,93.0
2015,VICTORIA,73.5,56.0,2.0,100.0,20.0,83.0
2014,VICTORIA,102.6,64.0,64.0,100.0,100.0,97.0
2013,VICTORIA,80.8,69.0,69.0,98.0,98.0,95.0
2012,VICTORIA,88.5,70.0,70.0,70.0,70.0,95.0
2011,VICTORIA,62.4,66.0,66.0,100.0,100.0,98.0
2010,VICTORIA,110.2,61.0,61.0,61.0,61.0,97.0
2009,VICTORIA,55.0,74.0,74.0,100.0,100.0,98.0
2008,VICTORIA,83.0,66.0,66.0,99.0,99.0,97.0
2007,VICTORIA,105.0,70.0,70.0,70.0,70.0,98.0
2006,VICTORIA,79.0,80.0,80.0,80.0,80.0,99.0
2005,VICTORIA,90.9,72.0,72.0,72.0,72.0,95.0
2004,VICTORIA,78.4,70.0,70.0,70.0,70.0,98.0
2003,VICTORIA,55.6,73.0,73.0,100.0,100.0,99.0
2002,VICTORIA,69.7,75.0,75.0,100.0,100.0,99.0
2001,VICTORIA,110.5,69.0,69.0,69.0,69.0,98.0
2000,VICTORIA,110.7,80.0,80.0,80.0,80.0,97.0
2025,WHARTON,129.1,74.0,74.0,97.0,55.0,93.0
2024,WHARTON,133.0,71.0,3.0,100.0,57.0,92.0
2023,WHARTON,131.4,74.0,5.0,100.0,52.0,92.0
2022,WHARTON,77.4,69.0,5.0,99.0,51.0,94.0
2021,WHARTON,138.1,66.0,3.0,3.0,50.0,95.0
2020,WHARTON,139.1,67.0,67.0,98.0,50.0,96.0
2019,WHARTON,120.1,65.0,65.0,100.0,51.0,93.0
2018,WHARTON,94.1,70.0,70.0,96.0,43.0,90.0
2017,WHARTON,120.0,71.0,71.0,100.0,45.0,96.0
2016,WHARTON,123.1,52.0,52.0,99.0,38.0,93.0
2015,WHARTON,103.3,56.0,2.0,100.0,20.0,83.0
2014,WHARTON,120.1,64.0,64.0,100.0,100.0,97.0
2013,WHARTON,94.7,69.0,69.0,98.0,98.0,95.0
2012,WHARTON,101.5,70.0,70.0,70.0,70.0,95.0
2011,WHARTON,48.3,66.0,66.0,100.0,100.0,98.0
2010,WHARTON,107.6,61.0,61.0,61.0,61.0,97.0
2009,WHARTON,60.6,74.0,74.0,100.0,100.0,98.0
2008,WHARTON,82.0,66.0,66.0,99.0,99.0,97.0
2007,WHARTON,132.0,70.0,70.0,70.0,70.0,98.0
2006,WHARTON,108.0,80.0,80.0,80.0,80.0,99.0
2005,WHARTON,111.5,72.0,72.0,72.0,72.0,95.0
2004,WHARTON,100.8,70.0,70.0,70.0,70.0,98.0
2003,WHARTON,74.8,73.0,73.0,100.0,100.0,99.0
2002,WHARTON,83.0,75.0,75.0,100.0,100.0,99.0
2001,WHARTON,120.3,69.0,69.0,69.0,69.0,98.0
2000,WHARTON,121.1,80.0,80.0,80.0,80.0,97.0
2018,OTHER (COMBINED) COUNTIES,71.1,70.0,70.0,96.0,43.0,90.0
2017,OTHER (COMBINED) COUNTIES,100.0,71.0,71.0,100.0,45.0,96.0
2016,OTHER (COMBINED) COUNTIES,103.5,52.0,52.0,99.0,38.0,93.0
2015,OTHER (COMBINED) COUNTIES,105.5,56.0,2.0,100.0,20.0,83.0
2014,OTHER (COMBINED) COUNTIES,84.3,64.0,64.0,100.0,100.0,97.0
2013,OTHER (COMBINED) COUNTIES,119.1,69.0,69.0,98.0,98.0,95.0
2012,OTHER (COMBINED) COUNTIES,33.1,70.0,70.0,70.0,70.0,95.0
2011,OTHER (COMBINED) COUNTIES,81.1,66.0,66.0,100.0,100.0,98.0
2010,OTHER (COMBINED) COUNTIES,72.1,61.0,61.0,61.0,61.0,97.0
2009,OTHER (COMBINED) COUNTIES,42.3,74.0,74.0,100.0,100.0,98.0
2008,OTHER (COMBINED) COUNTIES,75.0,66.0,66.0,99.0,99.0,97.0
2007,OTHER (COMBINED) COUNTIES,137.0,70.0,70.0,70.0,70.0,98.0
2006,OTHER (COMBINED) COUNTIES,70.0,80.0,80.0,80.0,80.0,99.0
2005,OTHER (COMBINED) COUNTIES,110.0,72.0,72.0,72.0,72.0,95.0
2004,OTHER (COMBINED) COUNTIES,80.9,70.0,70.0,70.0,70.0,98.0
2003,OTHER (COMBINED) COUNTIES,96.7,73.0,73.0,100.0,100.0,99.0
2002,OTHER (COMBINED) COUNTIES,93.3,75.0,75.0,100.0,100.0,99.0
2001,OTHER (COMBINED) COUNTIES,71.3,69.0,69.0,69.0,69.0,98.0
2000,OTHER (COMBINED) COUNTIES,84.5,80.0,80.0,80.0,80.0,97.0
2023,ATASCOSA,130.6,74.0,5.0,100.0,52.0,92.0
2020,ATASCOSA,68.2,67.0,67.0,98.0,50.0,96.0
2018,ATASCOSA,90.7,70.0,70.0,96.0,43.0,90.0
2015,ATASCOSA,60.9,56.0,2.0,100.0,20.0,83.0
2014,ATASCOSA,87.7,64.0,64.0,100.0,100.0,97.0
2013,ATASCOSA,83.9,69.0,69.0,98.0,98.0,95.0
2012,ATASCOSA,74.8,70.0,70.0,70.0,70.0,95.0
2007,ATASCOSA,93.0,70.0,70.0,70.0,70.0,98.0
2005,ATASCOSA,95.5,72.0,72.0,72.0,72.0,95.0
2004,ATASCOSA,92.6,70.0,70.0,70.0,70.0,98.0
2003,ATASCOSA,83.6,73.0,73.0,100.0,100.0,99.0
2002,ATASCOSA,72.7,75.0,75.0,100.0,100.0,99.0
2001,ATASCOSA,93.9,69.0,69.0,69.0,69.0,98.0
2000,ATASCOSA,94.2,80.0,80.0,80.0,80.0,97.0
2000,BROOKS,76.2,80.0,80.0,80.0,80.0,97.0
2003,DIMMIT,87.5,73.0,73.0,100.0,100.0,99.0
2002,DUVAL,37.5,75.0,75.0,100.0,100.0,99.0
2000,DUVAL,42.4,80.0,80.0,80.0,80.0,97.0
2024,FRIO,134.8,71.0,3.0,100.0,57.0,92.0
2021,FRIO,147.7,66.0,3.0,3.0,50.0,95.0
2020,FRIO,143.7,67.0,67.0,98.0,50.0,96.0
2018,FRIO,111.8,70.0,70.0,96.0,43.0,90.0
2017,FRIO,150.0,71.0,71.0,100.0,45.0,96.0
2016,FRIO,151.2,52.0,52.0,99.0,38.0,93.0
2014,FRIO,151.3,64.0,64.0,100.0,100.0,97.0
2013,FRIO,134.9,69.0,69.0,98.0,98.0,95.0
2012,FRIO,141.9,70.0,70.0,70.0,70.0,95.0
2011,FRIO,144.0,66.0,66.0,100.0,100.0,98.0
2010,FRIO,144.8,61.0,61.0,61.0,61.0,97.0
2009,FRIO,111.7,74.0,74.0,100.0,100.0,98.0
2007,FRIO,135.0,70.0,70.0,70.0,70.0,98.0
2006,FRIO,87.0,80.0,80.0,80.0,80.0,99.0
2005,FRIO,138.4,72.0,72.0,72.0,72.0,95.0
2004,FRIO,98.2,70.0,70.0,70.0,70.0,98.0
2003,FRIO,94.2,73.0,73.0,100.0,100.0,99.0
2002,FRIO,99.3,75.0,75.0,100.0,100.0,99.0
2001,FRIO,120.0,69.0,69.0,69.0,69.0,98.0
2000,FRIO,116.5,80.0,80.0,80.0,80.0,97.0
2022,JIM WELLS,116.1,69.0,5.0,99.0,51.0,94.0
2016,JIM WELLS,67.6,52.0,52.0,99.0,38.0,93.0
2015,JIM WELLS,81.1,56.0,2.0,100.0,20.0,83.0
2014,JIM WELLS,38.8,64.0,64.0,100.0,100.0,97.0
2012,JIM WELLS,33.1,70.0,70.0,70.0,70.0,95.0
2011,JIM WELLS,26.2,66.0,66.0,100.0,100.0,98.0
2010,JIM WELLS,89.3,61.0,61.0,61.0,61.0,97.0
2007,JIM WELLS,85.0,70.0,70.0,70.0,70.0,98.0
2006,JIM WELLS,70.0,80.0,80.0,80.0,80.0,99.0
2005,JIM WELLS,58.6,72.0,72.0,72.0,72.0,95.0
2004,JIM WELLS,74.1,70.0,70.0,70.0,70.0,98.0
2003,JIM WELLS,40.0,73.0,73.0,100.0,100.0,99.0
2002,JIM WELLS,30.5,75.0,75.0,100.0,100.0,99.0
2001,JIM WELLS,34.6,69.0,69.0,69.0,69.0,98.0
2000,JIM WELLS,30.1,80.0,80.0,80.0,80.0,97.0
2016,LIVE OAK,77.0,52.0,52.0,99.0,38.0,93.0
2014,LIVE OAK,54.8,64.0,64.0,100.0,100.0,97.0
2013,LIVE OAK,55.0,69.0,69.0,98.0,98.0,95.0
2011,LIVE OAK,47.7,66.0,66.0,100.0,100.0,98.0
2010,LIVE OAK,85.6,61.0,61.0,61.0,61.0,97.0
2007,LIVE OAK,101.0,70.0,70.0,70.0,70.0,98.0
2006,LIVE OAK,70.0,80.0,80.0,80.0,80.0,99.0
2005,LIVE OAK,67.1,72.0,72.0,72.0,72.0,95.0
2004,LIVE OAK,87.4,70.0,70.0,70.0,70.0,98.0
2003,LIVE OAK,28.7,73.0,73.0,100.0,100.0,99.0
2002,LIVE OAK,24.0,75.0,75.0,100.0,100.0,99.0
2001,LIVE OAK,42.7,69.0,69.0,69.0,69.0,98.0
2000,LIVE OAK,49.3,80.0,80.0,80.0,80.0,97.0
2020,ZAVALA,152.6,67.0,67.0,98.0,50.0,96.0
2018,ZAVALA,110.4,70.0,70.0,96.0,43.0,90.0
2014,ZAVALA,109.3,64.0,64.0,100.0,100.0,97.0
2012,ZAVALA,147.0,70.0,70.0,70.0,70.0,95.0
2011,ZAVALA,116.8,66.0,66.0,100.0,100.0,98.0
2010,ZAVALA,149.2,61.0,61.0,61.0,61.0,97.0
2009,ZAVALA,115.4,74.0,74.0,100.0,100.0,98.0
2006,ZAVALA,72.0,80.0,80.0,80.0,80.0,99.0
2005,ZAVALA,98.6,72.0,72.0,72.0,72.0,95.0
2004,ZAVALA,132.1,70.0,70.0,70.0,70.0,98.0
2003,ZAVALA,95.0,73.0,73.0,100.0,100.0,99.0
2002,ZAVALA,83.9,75.0,75.0,100.0,100.0,99.0
2001,ZAVALA,95.4,69.0,69.0,69.0,69.0,98.0
2000,ZAVALA,68.0,80.0,80.0,80.0,80.0,97.0
2019,OTHER (COMBINED) COUNTIES,84.0,65.0,65.0,100.0,51.0,93.0
2018,OTHER (COMBINED) COUNTIES,74.7,70.0,70.0,96.0,43.0,90.0
2017,OTHER (COMBINED) COUNTIES,100.6,71.0,71.0,100.0,45.0,96.0
2016,OTHER (COMBINED) COUNTIES,104.0,52.0,52.0,99.0,38.0,93.0
2015,OTHER (COMBINED) COUNTIES,87.6,56.0,2.0,100.0,20.0,83.0
2014,OTHER (COMBINED) COUNTIES,138.5,64.0,64.0,100.0,100.0,97.0
2013,OTHER (COMBINED) COUNTIES,92.2,69.0,69.0,98.0,98.0,95.0
2012,OTHER (COMBINED) COUNTIES,101.4,70.0,70.0,70.0,70.0,95.0
2011,OTHER (COMBINED) COUNTIES,88.0,66.0,66.0,100.0,100.0,98.0
2010,OTHER (COMBINED) COUNTIES,94.8,61.0,61.0,61.0,61.0,97.0
2009,OTHER (COMBINED) COUNTIES,86.3,74.0,74.0,100.0,100.0,98.0
2008,OTHER (COMBINED) COUNTIES,69.0,66.0,66.0,99.0,99.0,97.0
2007,OTHER (COMBINED) COUNTIES,60.0,70.0,70.0,70.0,70.0,98.0
2025,CAMERON,64.0,74.0,74.0,97.0,55.0,93.0
2024,CAMERON,43.3,71.0,3.0,100.0,57.0,92.0
2022,CAMERON,96.8,69.0,5.0,99.0,51.0,94.0
2020,CAMERON,96.1,67.0,67.0,98.0,50.0,96.0
2019,CAMERON,80.6,65.0,65.0,100.0,51.0,93.0
2018,CAMERON,95.0,70.0,70.0,96.0,43.0,90.0
2015,CAMERON,97.7,56.0,2.0,100.0,20.0,83.0
2014,CAMERON,112.9,64.0,64.0,100.0,100.0,97.0
2008,CAMERON,70.0,66.0,66.0,99.0,99.0,97.0
2007,CAMERON,117.0,70.0,70.0,70.0,70.0,98.0
2006,CAMERON,79.0,80.0,80.0,80.0,80.0,99.0
2005,CAMERON,95.7,72.0,72.0,72.0,72.0,95.0
2004,CAMERON,142.7,70.0,70.0,70.0,70.0,98.0
2003,CAMERON,92.3,73.0,73.0,100.0,100.0,99.0
2002,CAMERON,77.3,75.0,75.0,100.0,100.0,99.0
2001,CAMERON,58.8,69.0,69.0,69.0,69.0,98.0
2000,CAMERON,93.3,80.0,80.0,80.0,80.0,97.0
2025,HIDALGO,138.7,74.0,74.0,97.0,55.0,93.0
2023,HIDALGO,96.6,74.0,5.0,100.0,52.0,92.0
2022,HIDALGO,90.7,69.0,5.0,99.0,51.0,94.0
2021,HIDALGO,103.2,66.0,3.0,3.0,50.0,95.0
2020,HIDALGO,115.7,67.0,67.0,98.0,50.0,96.0
2019,HIDALGO,111.1,65.0,65.0,100.0,51.0,93.0
2018,HIDALGO,89.1,70.0,70.0,96.0,43.0,90.0
2017,HIDALGO,96.9,71.0,71.0,100.0,45.0,96.0
2016,HIDALGO,110.6,52.0,52.0,99.0,38.0,93.0
2014,HIDALGO,84.9,64.0,64.0,100.0,100.0,97.0
2012,HIDALGO,91.1,70.0,70.0,70.0,70.0,95.0
2011,HIDALGO,81.6,66.0,66.0,100.0,100.0,98.0
2010,HIDALGO,94.9,61.0,61.0,61.0,61.0,97.0
2009,HIDALGO,94.7,74.0,74.0,100.0,100.0,98.0
2008,HIDALGO,75.0,66.0,66.0,99.0,99.0,97.0
2007,HIDALGO,106.0,70.0,70.0,70.0,70.0,98.0
2006,HIDALGO,90.0,80.0,80.0,80.0,80.0,99.0
2005,HIDALGO,88.2,72.0,72.0,72.0,72.0,95.0
2004,HIDALGO,102.3,70.0,70.0,70.0,70.0,98.0
2003,HIDALGO,92.4,73.0,73.0,100.0,100.0,99.0
2002,HIDALGO,67.6,75.0,75.0,100.0,100.0,99.0
2001,HIDALGO,56.6,69.0,69.0,69.0,69.0,98.0
2000,HIDALGO,44.4,80.0,80.0,80.0,80.0,97.0
2016,STARR,99.7,52.0,52.0,99.0,38.0,93.0
2006,STARR,83.0,80.0,80.0,80.0,80.0,99.0
2005,STARR,60.0,72.0,72.0,72.0,72.0,95.0
2004,STARR,78.9,70.0,70.0,70.0,70.0,98.0
2003,STARR,93.3,73.0,73.0,100.0,100.0,99.0
2002,STARR,46.7,75.0,75.0,100.0,100.0,99.0
2001,STARR,27.0,69.0,69.0,69.0,69.0,98.0
2000,STARR,38.7,80.0,80.0,80.0,80.0,97.0
2024,WILLACY,81.3,71.0,3.0,100.0,57.0,92.0
2023,WILLACY,78.4,74.0,5.0,100.0,52.0,92.0
2021,WILLACY,90.9,66.0,3.0,3.0,50.0,95.0
2020,WILLACY,72.4,67.0,67.0,98.0,50.0,96.0
2017,WILLACY,99.3,71.0,71.0,100.0,45.0,96.0
2006,WILLACY,81.0,80.0,80.0,80.0,80.0,99.0
2005,WILLACY,37.9,72.0,72.0,72.0,72.0,95.0
2004,WILLACY,100.7,70.0,70.0,70.0,70.0,98.0
2003,WILLACY,73.3,73.0,73.0,100.0,100.0,99.0
2002,WILLACY,71.1,75.0,75.0,100.0,100.0,99.0
2001,WILLACY,84.0,69.0,69.0,69.0,69.0,98.0
2000,WILLACY,68.6,80.0,80.0,80.0,80.0,97.0
2025,OTHER COUNTIES,125.3,74.0,74.0,97.0,55.0,93.0
2024,OTHER COUNTIES,104.9,71.0,3.0,100.0,57.0,92.0
2023,OTHER COUNTIES,130.9,74.0,5.0,100.0,52.0,92.0
2022,OTHER COUNTIES,116.3,69.0,5.0,99.0,51.0,94.0
2021,OTHER COUNTIES,126.2,66.0,3.0,3.0,50.0,95.0
2020,OTHER COUNTIES,137.0,67.0,67.0,98.0,50.0,96.0
