Year,County,Yield_Lbs_Acre,PCT_PLANTED_April,PCT_PLANTED_June,PCT_PLANTED_May
2017,ARMSTRONG,987,13.0,97.0,52.0
2006,ARMSTRONG,980,24.0,95.0,73.0
2005,ARMSTRONG,1063,21.0,94.0,70.0
2017,BRISCOE,1159,13.0,97.0,52.0
2016,BRISCOE,1182,11.0,98.0,44.0
2015,BRISCOE,1037,9.0,97.0,46.0
2014,BRISCOE,1041,15.0,99.0,49.0
2013,BRISCOE,1096,14.0,95.0,49.0
2010,BRISCOE,944,15.0,93.0,73.0
2009,BRISCOE,1045,19.0,93.0,74.0
2007,BRISCOE,1263,20.0,95.0,55.0
2006,BRISCOE,777,24.0,95.0,73.0
2005,BRISCOE,896,21.0,94.0,70.0
2004,BRISCOE,867,21.0,89.0,74.0
2003,BRISCOE,507,20.0,87.0,57.0
2002,BRISCOE,548,18.0,87.0,66.0
2001,BRISCOE,530,17.0,89.0,64.0
2000,BRISCOE,346,18.0,86.0,65.0
2016,CARSON,1481,11.0,98.0,44.0
2015,CARSON,1102,9.0,97.0,46.0
2013,CARSON,1258,14.0,95.0,49.0
2012,CARSON,1098,25.0,95.0,64.0
2010,CARSON,1204,15.0,93.0,73.0
2008,CARSON,1021,21.0,94.0,56.0
2007,CARSON,1355,20.0,95.0,55.0
2006,CARSON,861,24.0,95.0,73.0
2005,CARSON,1007,21.0,94.0,70.0
2004,CARSON,977,21.0,89.0,74.0
2003,CARSON,937,20.0,87.0,57.0
2002,CARSON,960,18.0,87.0,66.0
2001,CARSON,735,17.0,89.0,64.0
2015,CASTRO,1276,9.0,97.0,46.0
2012,CASTRO,906,25.0,95.0,64.0
2010,CASTRO,1147,15.0,93.0,73.0
2009,CASTRO,1058,19.0,93.0,74.0
2007,CASTRO,1254,20.0,95.0,55.0
2006,CASTRO,1080,24.0,95.0,73.0
2005,CASTRO,1098,21.0,94.0,70.0
2004,CASTRO,818,21.0,89.0,74.0
2003,CASTRO,951,20.0,87.0,57.0
2002,CASTRO,1086,18.0,87.0,66.0
2001,CASTRO,955,17.0,89.0,64.0
2000,CASTRO,722,18.0,86.0,65.0
2006,DALLAM,704,24.0,95.0,73.0
2017,DEAF SMITH,859,13.0,97.0,52.0
2010,DEAF SMITH,984,15.0,93.0,73.0
2008,DEAF SMITH,748,21.0,94.0,56.0
2007,DEAF SMITH,938,20.0,95.0,55.0
2006,DEAF SMITH,964,24.0,95.0,73.0
2005,DEAF SMITH,1085,21.0,94.0,70.0
2004,DEAF SMITH,867,21.0,89.0,74.0
2003,DEAF SMITH,736,20.0,87.0,57.0
2002,DEAF SMITH,908,18.0,87.0,66.0
2001,DEAF SMITH,772,17.0,89.0,64.0
2000,DEAF SMITH,529,18.0,86.0,65.0
2018,FLOYD,1124,15.0,95.0,51.0
2017,FLOYD,1096,13.0,97.0,52.0
2016,FLOYD,1251,11.0,98.0,44.0
2015,FLOYD,958,9.0,97.0,46.0
2014,FLOYD,1040,15.0,99.0,49.0
2013,FLOYD,1162,14.0,95.0,49.0
2012,FLOYD,1021,25.0,95.0,64.0
2010,FLOYD,1167,15.0,93.0,73.0
2009,FLOYD,1063,19.0,93.0,74.0
2008,FLOYD,1053,21.0,94.0,56.0
2007,FLOYD,1229,20.0,95.0,55.0
2006,FLOYD,903,24.0,95.0,73.0
2005,FLOYD,965,21.0,94.0,70.0
2004,FLOYD,806,21.0,89.0,74.0
2003,FLOYD,652,20.0,87.0,57.0
2002,FLOYD,647,18.0,87.0,66.0
2001,FLOYD,653,17.0,89.0,64.0
2000,FLOYD,462,18.0,86.0,65.0
2014,GRAY,1178,15.0,99.0,49.0
2012,GRAY,1002,25.0,95.0,64.0
2010,GRAY,1099,15.0,93.0,73.0
2009,GRAY,1315,19.0,93.0,74.0
2007,GRAY,1170,20.0,95.0,55.0
2006,GRAY,968,24.0,95.0,73.0
2005,GRAY,942,21.0,94.0,70.0
2004,GRAY,904,21.0,89.0,74.0
2003,GRAY,744,20.0,87.0,57.0
2018,HALE,983,15.0,95.0,51.0
2017,HALE,992,13.0,97.0,52.0
2016,HALE,1095,11.0,98.0,44.0
2014,HALE,911,15.0,99.0,49.0
2010,HALE,1099,15.0,93.0,73.0
2009,HALE,984,19.0,93.0,74.0
2008,HALE,1051,21.0,94.0,56.0
2007,HALE,1133,20.0,95.0,55.0
2006,HALE,940,24.0,95.0,73.0
2005,HALE,982,21.0,94.0,70.0
2004,HALE,892,21.0,89.0,74.0
2003,HALE,729,20.0,87.0,57.0
2002,HALE,842,18.0,87.0,66.0
2001,HALE,708,17.0,89.0,64.0
2000,HALE,577,18.0,86.0,65.0
2007,HANSFORD,1000,20.0,95.0,55.0
2015,HARTLEY,1182,9.0,97.0,46.0
2013,HARTLEY,1191,14.0,95.0,49.0
2002,HARTLEY,528,18.0,87.0,66.0
2001,HARTLEY,655,17.0,89.0,64.0
2000,HARTLEY,442,18.0,86.0,65.0
2013,HUTCHINSON,1285,14.0,95.0,49.0
2007,HUTCHINSON,1440,20.0,95.0,55.0
2006,HUTCHINSON,1248,24.0,95.0,73.0
2017,MOORE,1407,13.0,97.0,52.0
2012,MOORE,1071,25.0,95.0,64.0
2010,MOORE,1111,15.0,93.0,73.0
2009,MOORE,1016,19.0,93.0,74.0
2008,MOORE,829,21.0,94.0,56.0
2007,MOORE,1294,20.0,95.0,55.0
2006,MOORE,880,24.0,95.0,73.0
2005,MOORE,1112,21.0,94.0,70.0
2003,MOORE,831,20.0,87.0,57.0
2018,OCHILTREE,1360,15.0,95.0,51.0
2016,OCHILTREE,1417,11.0,98.0,44.0
2010,OCHILTREE,1129,15.0,93.0,73.0
2007,OCHILTREE,751,20.0,95.0,55.0
2006,OCHILTREE,750,24.0,95.0,73.0
2005,OCHILTREE,914,21.0,94.0,70.0
2018,PARMER,1320,15.0,95.0,51.0
2016,PARMER,1202,11.0,98.0,44.0
2015,PARMER,922,9.0,97.0,46.0
2014,PARMER,1000,15.0,99.0,49.0
2012,PARMER,791,25.0,95.0,64.0
2010,PARMER,1131,15.0,93.0,73.0
2009,PARMER,1106,19.0,93.0,74.0
2007,PARMER,1363,20.0,95.0,55.0
2005,PARMER,1177,21.0,94.0,70.0
2004,PARMER,952,21.0,89.0,74.0
2003,PARMER,866,20.0,87.0,57.0
2002,PARMER,1114,18.0,87.0,66.0
2001,PARMER,1043,17.0,89.0,64.0
2000,PARMER,734,18.0,86.0,65.0
2017,RANDALL,1287,13.0,97.0,52.0
2006,RANDALL,909,24.0,95.0,73.0
2005,RANDALL,923,21.0,94.0,70.0
2004,RANDALL,960,21.0,89.0,74.0
2002,RANDALL,773,18.0,87.0,66.0
2001,RANDALL,600,17.0,89.0,64.0
2017,SHERMAN,1189,13.0,97.0,52.0
2016,SHERMAN,1383,11.0,98.0,44.0
2007,SHERMAN,1180,20.0,95.0,55.0
2006,SHERMAN,1265,24.0,95.0,73.0
2004,SHERMAN,920,21.0,89.0,74.0
2018,SWISHER,1062,15.0,95.0,51.0
2017,SWISHER,1213,13.0,97.0,52.0
2015,SWISHER,984,9.0,97.0,46.0
2014,SWISHER,745,15.0,99.0,49.0
2013,SWISHER,1064,14.0,95.0,49.0
2012,SWISHER,707,25.0,95.0,64.0
2010,SWISHER,1085,15.0,93.0,73.0
2009,SWISHER,839,19.0,93.0,74.0
2008,SWISHER,899,21.0,94.0,56.0
2007,SWISHER,1184,20.0,95.0,55.0
2006,SWISHER,895,24.0,95.0,73.0
2005,SWISHER,882,21.0,94.0,70.0
2004,SWISHER,827,21.0,89.0,74.0
2003,SWISHER,824,20.0,87.0,57.0
2002,SWISHER,742,18.0,87.0,66.0
2001,SWISHER,780,17.0,89.0,64.0
2000,SWISHER,497,18.0,86.0,65.0
2010,ANDREWS,854,15.0,93.0,73.0
2006,ANDREWS,847,24.0,95.0,73.0
2005,ANDREWS,1331,21.0,94.0,70.0
2004,ANDREWS,862,21.0,89.0,74.0
2003,ANDREWS,896,20.0,87.0,57.0
2002,ANDREWS,815,18.0,87.0,66.0
2001,ANDREWS,585,17.0,89.0,64.0
2000,ANDREWS,623,18.0,86.0,65.0
2017,BAILEY,1084,13.0,97.0,52.0
2016,BAILEY,1140,11.0,98.0,44.0
2015,BAILEY,954,9.0,97.0,46.0
2014,BAILEY,1063,15.0,99.0,49.0
2010,BAILEY,925,15.0,93.0,73.0
2009,BAILEY,902,19.0,93.0,74.0
2008,BAILEY,770,21.0,94.0,56.0
2007,BAILEY,892,20.0,95.0,55.0
2006,BAILEY,936,24.0,95.0,73.0
2005,BAILEY,953,21.0,94.0,70.0
2004,BAILEY,903,21.0,89.0,74.0
2003,BAILEY,519,20.0,87.0,57.0
2002,BAILEY,794,18.0,87.0,66.0
2001,BAILEY,660,17.0,89.0,64.0
2000,BAILEY,465,18.0,86.0,65.0
2018,COCHRAN,632,15.0,95.0,51.0
2010,COCHRAN,883,15.0,93.0,73.0
2009,COCHRAN,661,19.0,93.0,74.0
2008,COCHRAN,882,21.0,94.0,56.0
2007,COCHRAN,780,20.0,95.0,55.0
2006,COCHRAN,750,24.0,95.0,73.0
2005,COCHRAN,991,21.0,94.0,70.0
2004,COCHRAN,802,21.0,89.0,74.0
2003,COCHRAN,553,20.0,87.0,57.0
2002,COCHRAN,722,18.0,87.0,66.0
2001,COCHRAN,563,17.0,89.0,64.0
2000,COCHRAN,311,18.0,86.0,65.0
2018,CROSBY,874,15.0,95.0,51.0
2017,CROSBY,965,13.0,97.0,52.0
2016,CROSBY,995,11.0,98.0,44.0
2015,CROSBY,792,9.0,97.0,46.0
2014,CROSBY,970,15.0,99.0,49.0
2013,CROSBY,906,14.0,95.0,49.0
2012,CROSBY,831,25.0,95.0,64.0
2010,CROSBY,951,15.0,93.0,73.0
2009,CROSBY,988,19.0,93.0,74.0
2008,CROSBY,792,21.0,94.0,56.0
2007,CROSBY,1048,20.0,95.0,55.0
2006,CROSBY,798,24.0,95.0,73.0
2005,CROSBY,858,21.0,94.0,70.0
2004,CROSBY,859,21.0,89.0,74.0
2003,CROSBY,543,20.0,87.0,57.0
2002,CROSBY,602,18.0,87.0,66.0
2001,CROSBY,451,17.0,89.0,64.0
2000,CROSBY,413,18.0,86.0,65.0
2018,DAWSON,1044,15.0,95.0,51.0
2017,DAWSON,1135,13.0,97.0,52.0
2016,DAWSON,1184,11.0,98.0,44.0
2015,DAWSON,1098,9.0,97.0,46.0
2014,DAWSON,1135,15.0,99.0,49.0
2012,DAWSON,914,25.0,95.0,64.0
2010,DAWSON,1136,15.0,93.0,73.0
2009,DAWSON,1031,19.0,93.0,74.0
2008,DAWSON,1015,21.0,94.0,56.0
2007,DAWSON,1217,20.0,95.0,55.0
2006,DAWSON,916,24.0,95.0,73.0
2005,DAWSON,1136,21.0,94.0,70.0
2004,DAWSON,1066,21.0,89.0,74.0
2003,DAWSON,750,20.0,87.0,57.0
2002,DAWSON,864,18.0,87.0,66.0
2001,DAWSON,622,17.0,89.0,64.0
2000,DAWSON,542,18.0,86.0,65.0
2018,GAINES,555,15.0,95.0,51.0
2017,GAINES,970,13.0,97.0,52.0
2016,GAINES,700,11.0,98.0,44.0
2015,GAINES,886,9.0,97.0,46.0
2014,GAINES,783,15.0,99.0,49.0
2010,GAINES,879,15.0,93.0,73.0
2009,GAINES,892,19.0,93.0,74.0
2008,GAINES,824,21.0,94.0,56.0
2007,GAINES,1092,20.0,95.0,55.0
2006,GAINES,900,24.0,95.0,73.0
2005,GAINES,1043,21.0,94.0,70.0
2004,GAINES,981,21.0,89.0,74.0
2003,GAINES,755,20.0,87.0,57.0
2002,GAINES,729,18.0,87.0,66.0
2001,GAINES,519,17.0,89.0,64.0
2000,GAINES,414,18.0,86.0,65.0
2017,GLASSCOCK,1359,13.0,97.0,52.0
2016,GLASSCOCK,1213,11.0,98.0,44.0
2015,GLASSCOCK,980,9.0,97.0,46.0
2014,GLASSCOCK,1041,15.0,99.0,49.0
2013,GLASSCOCK,951,14.0,95.0,49.0
2012,GLASSCOCK,1069,25.0,95.0,64.0
2010,GLASSCOCK,949,15.0,93.0,73.0
2009,GLASSCOCK,1142,19.0,93.0,74.0
2008,GLASSCOCK,940,21.0,94.0,56.0
2007,GLASSCOCK,1444,20.0,95.0,55.0
2006,GLASSCOCK,929,24.0,95.0,73.0
2005,GLASSCOCK,1269,21.0,94.0,70.0
2004,GLASSCOCK,848,21.0,89.0,74.0
2003,GLASSCOCK,724,20.0,87.0,57.0
2002,GLASSCOCK,693,18.0,87.0,66.0
2001,GLASSCOCK,668,17.0,89.0,64.0
2000,GLASSCOCK,505,18.0,86.0,65.0
2017,HOCKLEY,795,13.0,97.0,52.0
2016,HOCKLEY,1099,11.0,98.0,44.0
2015,HOCKLEY,937,9.0,97.0,46.0
2014,HOCKLEY,1005,15.0,99.0,49.0
2012,HOCKLEY,734,25.0,95.0,64.0
2010,HOCKLEY,1043,15.0,93.0,73.0
2009,HOCKLEY,833,19.0,93.0,74.0
2008,HOCKLEY,1026,21.0,94.0,56.0
2007,HOCKLEY,1138,20.0,95.0,55.0
2006,HOCKLEY,830,24.0,95.0,73.0
2005,HOCKLEY,993,21.0,94.0,70.0
2004,HOCKLEY,923,21.0,89.0,74.0
2003,HOCKLEY,536,20.0,87.0,57.0
2002,HOCKLEY,674,18.0,87.0,66.0
2001,HOCKLEY,522,17.0,89.0,64.0
2000,HOCKLEY,338,18.0,86.0,65.0
2016,HOWARD,1012,11.0,98.0,44.0
2015,HOWARD,584,9.0,97.0,46.0
2014,HOWARD,1162,15.0,99.0,49.0
2010,HOWARD,1504,15.0,93.0,73.0
2009,HOWARD,1191,19.0,93.0,74.0
2008,HOWARD,1148,21.0,94.0,56.0
2007,HOWARD,1344,20.0,95.0,55.0
2006,HOWARD,1037,24.0,95.0,73.0
2005,HOWARD,1286,21.0,94.0,70.0
2004,HOWARD,720,21.0,89.0,74.0
2003,HOWARD,914,20.0,87.0,57.0
2002,HOWARD,738,18.0,87.0,66.0
2001,HOWARD,417,17.0,89.0,64.0
2000,HOWARD,587,18.0,86.0,65.0
2017,LAMB,1057,13.0,97.0,52.0
2016,LAMB,1185,11.0,98.0,44.0
2015,LAMB,907,9.0,97.0,46.0
2014,LAMB,818,15.0,99.0,49.0
2013,LAMB,924,14.0,95.0,49.0
2012,LAMB,745,25.0,95.0,64.0
2010,LAMB,1056,15.0,93.0,73.0
2009,LAMB,937,19.0,93.0,74.0
2008,LAMB,910,21.0,94.0,56.0
2007,LAMB,1080,20.0,95.0,55.0
2006,LAMB,970,24.0,95.0,73.0
2005,LAMB,984,21.0,94.0,70.0
2004,LAMB,841,21.0,89.0,74.0
2003,LAMB,748,20.0,87.0,57.0
2002,LAMB,863,18.0,87.0,66.0
2001,LAMB,753,17.0,89.0,64.0
2000,LAMB,512,18.0,86.0,65.0
2018,LUBBOCK,960,15.0,95.0,51.0
2017,LUBBOCK,962,13.0,97.0,52.0
2016,LUBBOCK,1183,11.0,98.0,44.0
2015,LUBBOCK,946,9.0,97.0,46.0
2014,LUBBOCK,882,15.0,99.0,49.0
2013,LUBBOCK,939,14.0,95.0,49.0
2012,LUBBOCK,831,25.0,95.0,64.0
2010,LUBBOCK,970,15.0,93.0,73.0
2009,LUBBOCK,953,19.0,93.0,74.0
2008,LUBBOCK,1050,21.0,94.0,56.0
2007,LUBBOCK,1086,20.0,95.0,55.0
2006,LUBBOCK,727,24.0,95.0,73.0
2005,LUBBOCK,954,21.0,94.0,70.0
2004,LUBBOCK,852,21.0,89.0,74.0
2003,LUBBOCK,605,20.0,87.0,57.0
2002,LUBBOCK,600,18.0,87.0,66.0
2001,LUBBOCK,447,17.0,89.0,64.0
2000,LUBBOCK,349,18.0,86.0,65.0
2018,LYNN,922,15.0,95.0,51.0
2017,LYNN,951,13.0,97.0,52.0
2016,LYNN,937,11.0,98.0,44.0
2015,LYNN,929,9.0,97.0,46.0
2014,LYNN,874,15.0,99.0,49.0
2013,LYNN,875,14.0,95.0,49.0
2012,LYNN,749,25.0,95.0,64.0
2010,LYNN,889,15.0,93.0,73.0
2009,LYNN,888,19.0,93.0,74.0
2008,LYNN,801,21.0,94.0,56.0
2007,LYNN,935,20.0,95.0,55.0
2006,LYNN,737,24.0,95.0,73.0
2005,LYNN,895,21.0,94.0,70.0
2004,LYNN,795,21.0,89.0,74.0
2003,LYNN,612,20.0,87.0,57.0
2002,LYNN,594,18.0,87.0,66.0
2001,LYNN,389,17.0,89.0,64.0
2000,LYNN,450,18.0,86.0,65.0
2018,MARTIN,953,15.0,95.0,51.0
2017,MARTIN,1278,13.0,97.0,52.0
2016,MARTIN,1335,11.0,98.0,44.0
2015,MARTIN,1149,9.0,97.0,46.0
2013,MARTIN,999,14.0,95.0,49.0
2012,MARTIN,1450,25.0,95.0,64.0
2010,MARTIN,1137,15.0,93.0,73.0
2009,MARTIN,720,19.0,93.0,74.0
2008,MARTIN,1148,21.0,94.0,56.0
2007,MARTIN,1354,20.0,95.0,55.0
2006,MARTIN,1181,24.0,95.0,73.0
2005,MARTIN,926,21.0,94.0,70.0
2004,MARTIN,678,21.0,89.0,74.0
2003,MARTIN,877,20.0,87.0,57.0
2002,MARTIN,685,18.0,87.0,66.0
2001,MARTIN,692,17.0,89.0,64.0
2000,MARTIN,672,18.0,86.0,65.0
2010,MIDLAND,830,15.0,93.0,73.0
2006,MIDLAND,1297,24.0,95.0,73.0
2005,MIDLAND,800,21.0,94.0,70.0
2004,MIDLAND,503,21.0,89.0,74.0
2003,MIDLAND,748,20.0,87.0,57.0
2002,MIDLAND,579,18.0,87.0,66.0
2001,MIDLAND,480,17.0,89.0,64.0
2000,MIDLAND,502,18.0,86.0,65.0
2017,TERRY,859,13.0,97.0,52.0
2016,TERRY,831,11.0,98.0,44.0
2014,TERRY,721,15.0,99.0,49.0
2013,TERRY,884,14.0,95.0,49.0
2012,TERRY,718,25.0,95.0,64.0
2010,TERRY,859,15.0,93.0,73.0
2009,TERRY,817,19.0,93.0,74.0
2008,TERRY,824,21.0,94.0,56.0
2007,TERRY,1059,20.0,95.0,55.0
2006,TERRY,769,24.0,95.0,73.0
2005,TERRY,990,21.0,94.0,70.0
2004,TERRY,880,21.0,89.0,74.0
2003,TERRY,633,20.0,87.0,57.0
2002,TERRY,589,18.0,87.0,66.0
2001,TERRY,387,17.0,89.0,64.0
2000,TERRY,471,18.0,86.0,65.0
2018,YOAKUM,763,15.0,95.0,51.0
2015,YOAKUM,942,9.0,97.0,46.0
2013,YOAKUM,914,14.0,95.0,49.0
2012,YOAKUM,801,25.0,95.0,64.0
2010,YOAKUM,907,15.0,93.0,73.0
2009,YOAKUM,965,19.0,93.0,74.0
2007,YOAKUM,1040,20.0,95.0,55.0
2006,YOAKUM,917,24.0,95.0,73.0
2005,YOAKUM,1058,21.0,94.0,70.0
2004,YOAKUM,1022,21.0,89.0,74.0
2003,YOAKUM,748,20.0,87.0,57.0
2002,YOAKUM,621,18.0,87.0,66.0
2001,YOAKUM,567,17.0,89.0,64.0
2000,YOAKUM,456,18.0,86.0,65.0
2009,BORDEN,1080,19.0,93.0,74.0
2006,BORDEN,1040,24.0,95.0,73.0
2005,BORDEN,1013,21.0,94.0,70.0
2004,BORDEN,849,21.0,89.0,74.0
2003,BORDEN,960,20.0,87.0,57.0
2002,BORDEN,750,18.0,87.0,66.0
2001,BORDEN,704,17.0,89.0,64.0
2000,BORDEN,524,18.0,86.0,65.0
2018,CHILDRESS,1075,15.0,95.0,51.0
2013,CHILDRESS,1177,14.0,95.0,49.0
2012,CHILDRESS,707,25.0,95.0,64.0
2010,CHILDRESS,1191,15.0,93.0,73.0
2009,CHILDRESS,781,19.0,93.0,74.0
2006,CHILDRESS,783,24.0,95.0,73.0
2005,CHILDRESS,1082,21.0,94.0,70.0
2004,CHILDRESS,1316,21.0,89.0,74.0
2003,CHILDRESS,710,20.0,87.0,57.0
2002,CHILDRESS,723,18.0,87.0,66.0
2001,CHILDRESS,708,17.0,89.0,64.0
2000,CHILDRESS,615,18.0,86.0,65.0
2018,COLLINGSWORTH,1160,15.0,95.0,51.0
2016,COLLINGSWORTH,1444,11.0,98.0,44.0
2015,COLLINGSWORTH,1250,9.0,97.0,46.0
2014,COLLINGSWORTH,1278,15.0,99.0,49.0
2013,COLLINGSWORTH,1214,14.0,95.0,49.0
2012,COLLINGSWORTH,1061,25.0,95.0,64.0
2010,COLLINGSWORTH,1169,15.0,93.0,73.0
2009,COLLINGSWORTH,1349,19.0,93.0,74.0
2008,COLLINGSWORTH,1123,21.0,94.0,56.0
2007,COLLINGSWORTH,1383,20.0,95.0,55.0
2006,COLLINGSWORTH,1230,24.0,95.0,73.0
2005,COLLINGSWORTH,1327,21.0,94.0,70.0
2004,COLLINGSWORTH,1018,21.0,89.0,74.0
2003,COLLINGSWORTH,1079,20.0,87.0,57.0
2002,COLLINGSWORTH,954,18.0,87.0,66.0
2001,COLLINGSWORTH,860,17.0,89.0,64.0
2000,COLLINGSWORTH,905,18.0,86.0,65.0
2006,COTTLE,960,24.0,95.0,73.0
2005,COTTLE,1120,21.0,94.0,70.0
2004,COTTLE,1091,21.0,89.0,74.0
2003,COTTLE,686,20.0,87.0,57.0
2002,COTTLE,651,18.0,87.0,66.0
2001,COTTLE,667,17.0,89.0,64.0
2000,COTTLE,0,18.0,86.0,65.0
2017,DICKENS,1024,13.0,97.0,52.0
2016,DICKENS,1143,11.0,98.0,44.0
2015,DICKENS,727,9.0,97.0,46.0
2014,DICKENS,1034,15.0,99.0,49.0
2013,DICKENS,942,14.0,95.0,49.0
2009,DICKENS,636,19.0,93.0,74.0
2008,DICKENS,997,21.0,94.0,56.0
2007,DICKENS,960,20.0,95.0,55.0
2006,DICKENS,742,24.0,95.0,73.0
2005,DICKENS,864,21.0,94.0,70.0
2004,DICKENS,844,21.0,89.0,74.0
2003,DICKENS,596,20.0,87.0,57.0
2002,DICKENS,764,18.0,87.0,66.0
2001,DICKENS,325,17.0,89.0,64.0
2000,DICKENS,400,18.0,86.0,65.0
2017,DONLEY,1206,13.0,97.0,52.0
2016,DONLEY,1310,11.0,98.0,44.0
2014,DONLEY,1142,15.0,99.0,49.0
2013,DONLEY,1563,14.0,95.0,49.0
2010,DONLEY,1247,15.0,93.0,73.0
2009,DONLEY,1320,19.0,93.0,74.0
2008,DONLEY,1134,21.0,94.0,56.0
2007,DONLEY,1358,20.0,95.0,55.0
2006,DONLEY,1224,24.0,95.0,73.0
2005,DONLEY,1159,21.0,94.0,70.0
2004,DONLEY,1075,21.0,89.0,74.0
2003,DONLEY,573,20.0,87.0,57.0
2002,DONLEY,644,18.0,87.0,66.0
2001,DONLEY,522,17.0,89.0,64.0
2000,DONLEY,576,18.0,86.0,65.0
2018,GARZA,893,15.0,95.0,51.0
2015,GARZA,1023,9.0,97.0,46.0
2014,GARZA,947,15.0,99.0,49.0
2013,GARZA,1111,14.0,95.0,49.0
2012,GARZA,947,25.0,95.0,64.0
2010,GARZA,926,15.0,93.0,73.0
2009,GARZA,937,19.0,93.0,74.0
2008,GARZA,949,21.0,94.0,56.0
2007,GARZA,873,20.0,95.0,55.0
2006,GARZA,691,24.0,95.0,73.0
2005,GARZA,927,21.0,94.0,70.0
2004,GARZA,1239,21.0,89.0,74.0
2003,GARZA,550,20.0,87.0,57.0
2002,GARZA,643,18.0,87.0,66.0
2001,GARZA,543,17.0,89.0,64.0
2000,GARZA,403,18.0,86.0,65.0
2018,HALL,1123,15.0,95.0,51.0
2017,HALL,1137,13.0,97.0,52.0
2016,HALL,1064,11.0,98.0,44.0
2014,HALL,997,15.0,99.0,49.0
2013,HALL,1182,14.0,95.0,49.0
2012,HALL,929,25.0,95.0,64.0
2010,HALL,1078,15.0,93.0,73.0
2009,HALL,1193,19.0,93.0,74.0
2008,HALL,1078,21.0,94.0,56.0
2007,HALL,1364,20.0,95.0,55.0
2006,HALL,1003,24.0,95.0,73.0
2005,HALL,1179,21.0,94.0,70.0
2004,HALL,1118,21.0,89.0,74.0
2003,HALL,744,20.0,87.0,57.0
2002,HALL,618,18.0,87.0,66.0
2001,HALL,677,17.0,89.0,64.0
2000,HALL,213,18.0,86.0,65.0
2018,HARDEMAN,1149,15.0,95.0,51.0
2006,HARDEMAN,1035,24.0,95.0,73.0
2005,HARDEMAN,960,21.0,94.0,70.0
2004,HARDEMAN,1360,21.0,89.0,74.0
2003,HARDEMAN,686,20.0,87.0,57.0
2002,HARDEMAN,897,18.0,87.0,66.0
2001,HARDEMAN,600,17.0,89.0,64.0
2000,HARDEMAN,320,18.0,86.0,65.0
2007,MOTLEY,1234,20.0,95.0,55.0
2006,MOTLEY,682,24.0,95.0,73.0
2005,MOTLEY,850,21.0,94.0,70.0
2004,MOTLEY,960,21.0,89.0,74.0
2003,MOTLEY,463,20.0,87.0,57.0
2002,MOTLEY,600,18.0,87.0,66.0
2001,MOTLEY,600,17.0,89.0,64.0
2000,MOTLEY,443,18.0,86.0,65.0
2016,WHEELER,1401,11.0,98.0,44.0
2015,WHEELER,1128,9.0,97.0,46.0
2009,WHEELER,1110,19.0,93.0,74.0
2008,WHEELER,1063,21.0,94.0,56.0
2007,WHEELER,1309,20.0,95.0,55.0
2006,WHEELER,874,24.0,95.0,73.0
2005,WHEELER,857,21.0,94.0,70.0
2004,WHEELER,939,21.0,89.0,74.0
2003,WHEELER,860,20.0,87.0,57.0
2002,WHEELER,840,18.0,87.0,66.0
2001,WHEELER,800,17.0,89.0,64.0
2000,WHEELER,432,18.0,86.0,65.0
2017,WILBARGER,1059,13.0,97.0,52.0
2016,WILBARGER,983,11.0,98.0,44.0
2015,WILBARGER,1046,9.0,97.0,46.0
2010,WILBARGER,886,15.0,93.0,73.0
2009,WILBARGER,505,19.0,93.0,74.0
2008,WILBARGER,1108,21.0,94.0,56.0
2007,WILBARGER,960,20.0,95.0,55.0
2006,WILBARGER,456,24.0,95.0,73.0
2005,WILBARGER,827,21.0,94.0,70.0
2004,WILBARGER,812,21.0,89.0,74.0
2003,WILBARGER,549,20.0,87.0,57.0
2001,WILBARGER,693,17.0,89.0,64.0
2018,BAYLOR,734,15.0,95.0,51.0
2017,BAYLOR,909,13.0,97.0,52.0
2010,BAYLOR,904,15.0,93.0,73.0
2009,BAYLOR,1091,19.0,93.0,74.0
2006,BAYLOR,570,24.0,95.0,73.0
2005,BAYLOR,1020,21.0,94.0,70.0
2003,BAYLOR,997,20.0,87.0,57.0
2002,BAYLOR,873,18.0,87.0,66.0
2010,FISHER,1403,15.0,93.0,73.0
2009,FISHER,997,19.0,93.0,74.0
2008,FISHER,1169,21.0,94.0,56.0
2007,FISHER,1143,20.0,95.0,55.0
2006,FISHER,456,24.0,95.0,73.0
2005,FISHER,1392,21.0,94.0,70.0
2004,FISHER,960,21.0,89.0,74.0
2003,FISHER,888,20.0,87.0,57.0
2002,FISHER,933,18.0,87.0,66.0
2001,FISHER,873,17.0,89.0,64.0
2000,FISHER,1029,18.0,86.0,65.0
2017,HASKELL,988,13.0,97.0,52.0
2015,HASKELL,673,9.0,97.0,46.0
2014,HASKELL,660,15.0,99.0,49.0
2013,HASKELL,740,14.0,95.0,49.0
2012,HASKELL,581,25.0,95.0,64.0
2010,HASKELL,1240,15.0,93.0,73.0
2009,HASKELL,887,19.0,93.0,74.0
2008,HASKELL,887,21.0,94.0,56.0
2007,HASKELL,1115,20.0,95.0,55.0
2006,HASKELL,601,24.0,95.0,73.0
2005,HASKELL,935,21.0,94.0,70.0
2004,HASKELL,940,21.0,89.0,74.0
2003,HASKELL,546,20.0,87.0,57.0
2002,HASKELL,841,18.0,87.0,66.0
2001,HASKELL,668,17.0,89.0,64.0
2000,HASKELL,559,18.0,86.0,65.0
2017,JONES,848,13.0,97.0,52.0
2014,KNOX,986,15.0,99.0,49.0
2012,KNOX,977,25.0,95.0,64.0
2010,KNOX,1152,15.0,93.0,73.0
2009,KNOX,910,19.0,93.0,74.0
2006,KNOX,895,24.0,95.0,73.0
2005,KNOX,1089,21.0,94.0,70.0
2004,KNOX,960,21.0,89.0,74.0
2003,KNOX,992,20.0,87.0,57.0
2002,KNOX,1048,18.0,87.0,66.0
2001,KNOX,846,17.0,89.0,64.0
2000,KNOX,647,18.0,86.0,65.0
2017,MITCHELL,812,13.0,97.0,52.0
2016,MITCHELL,1224,11.0,98.0,44.0
2015,MITCHELL,983,9.0,97.0,46.0
2007,MITCHELL,1108,20.0,95.0,55.0
2006,MITCHELL,874,24.0,95.0,73.0
2005,MITCHELL,884,21.0,94.0,70.0
2004,MITCHELL,864,21.0,89.0,74.0
2003,MITCHELL,800,20.0,87.0,57.0
2002,MITCHELL,800,18.0,87.0,66.0
2001,MITCHELL,736,17.0,89.0,64.0
2000,MITCHELL,808,18.0,86.0,65.0
2017,NOLAN,1096,13.0,97.0,52.0
2016,NOLAN,1269,11.0,98.0,44.0
2015,NOLAN,1022,9.0,97.0,46.0
2014,NOLAN,720,15.0,99.0,49.0
2013,NOLAN,1046,14.0,95.0,49.0
2012,NOLAN,1058,25.0,95.0,64.0
2010,NOLAN,1522,15.0,93.0,73.0
2009,NOLAN,1166,19.0,93.0,74.0
2008,NOLAN,1080,21.0,94.0,56.0
2007,NOLAN,1106,20.0,95.0,55.0
2006,NOLAN,893,24.0,95.0,73.0
2005,NOLAN,1045,21.0,94.0,70.0
2004,NOLAN,944,21.0,89.0,74.0
2003,NOLAN,900,20.0,87.0,57.0
2002,NOLAN,1032,18.0,87.0,66.0
2001,NOLAN,691,17.0,89.0,64.0
2000,NOLAN,572,18.0,86.0,65.0
2018,RUNNELS,840,15.0,95.0,51.0
2015,RUNNELS,784,9.0,97.0,46.0
2014,RUNNELS,1071,15.0,99.0,49.0
2012,RUNNELS,736,25.0,95.0,64.0
2009,RUNNELS,1067,19.0,93.0,74.0
2007,RUNNELS,873,20.0,95.0,55.0
2006,RUNNELS,742,24.0,95.0,73.0
2004,RUNNELS,1056,21.0,89.0,74.0
2003,RUNNELS,517,20.0,87.0,57.0
2002,RUNNELS,565,18.0,87.0,66.0
2001,RUNNELS,514,17.0,89.0,64.0
2017,SCURRY,1173,13.0,97.0,52.0
2013,SCURRY,915,14.0,95.0,49.0
2012,SCURRY,887,25.0,95.0,64.0
2010,SCURRY,1471,15.0,93.0,73.0
2008,SCURRY,1064,21.0,94.0,56.0
2007,SCURRY,1440,20.0,95.0,55.0
2006,SCURRY,895,24.0,95.0,73.0
2005,SCURRY,904,21.0,94.0,70.0
2004,SCURRY,891,21.0,89.0,74.0
2001,SCURRY,514,17.0,89.0,64.0
2000,THROCKMORTON,480,18.0,86.0,65.0
2006,FALLS,984,24.0,95.0,73.0
2005,FALLS,1337,21.0,94.0,70.0
2004,MCLENNAN,912,21.0,89.0,74.0
2000,MCLENNAN,768,18.0,86.0,65.0
2014,MILAM,1554,15.0,99.0,49.0
2005,MILAM,1371,21.0,94.0,70.0
2004,HOUSTON,624,21.0,89.0,74.0
2002,HOUSTON,720,18.0,87.0,66.0
2002,RED RIVER,720,18.0,87.0,66.0
2010,BRAZOS,1024,15.0,93.0,73.0
2006,BRAZOS,1125,24.0,95.0,73.0
2005,BRAZOS,1234,21.0,94.0,70.0
2004,BRAZOS,1147,21.0,89.0,74.0
2003,BRAZOS,1142,20.0,87.0,57.0
2002,BRAZOS,949,18.0,87.0,66.0
2001,BRAZOS,800,17.0,89.0,64.0
2000,BRAZOS,729,18.0,86.0,65.0
2008,ROBERTSON,692,21.0,94.0,56.0
2007,ROBERTSON,1168,20.0,95.0,55.0
2006,ROBERTSON,900,24.0,95.0,73.0
2005,ROBERTSON,1067,21.0,94.0,70.0
2004,ROBERTSON,850,21.0,89.0,74.0
2003,ROBERTSON,1166,20.0,87.0,57.0
2002,ROBERTSON,834,18.0,87.0,66.0
2001,ROBERTSON,568,17.0,89.0,64.0
2000,ROBERTSON,640,18.0,86.0,65.0
2005,CULBERSON,1120,21.0,94.0,70.0
2000,CULBERSON,785,18.0,86.0,65.0
2010,EL PASO,1143,15.0,93.0,73.0
2009,EL PASO,1265,19.0,93.0,74.0
2008,EL PASO,1226,21.0,94.0,56.0
2007,EL PASO,1418,20.0,95.0,55.0
2005,EL PASO,1206,21.0,94.0,70.0
2004,EL PASO,1071,21.0,89.0,74.0
2003,EL PASO,1152,20.0,87.0,57.0
2002,EL PASO,1338,18.0,87.0,66.0
2001,EL PASO,1324,17.0,89.0,64.0
2000,EL PASO,1310,18.0,86.0,65.0
2010,HUDSPETH,1049,15.0,93.0,73.0
2009,HUDSPETH,1186,19.0,93.0,74.0
2007,HUDSPETH,1050,20.0,95.0,55.0
2005,HUDSPETH,1013,21.0,94.0,70.0
2004,HUDSPETH,1114,21.0,89.0,74.0
2003,HUDSPETH,950,20.0,87.0,57.0
2002,HUDSPETH,1360,18.0,87.0,66.0
2001,HUDSPETH,1200,17.0,89.0,64.0
2000,HUDSPETH,1036,18.0,86.0,65.0
2010,PECOS,1186,15.0,93.0,73.0
2009,PECOS,1051,19.0,93.0,74.0
2008,PECOS,1060,21.0,94.0,56.0
2007,PECOS,1495,20.0,95.0,55.0
2005,PECOS,982,21.0,94.0,70.0
2004,PECOS,1078,21.0,89.0,74.0
2003,PECOS,904,20.0,87.0,57.0
2002,PECOS,943,18.0,87.0,66.0
2001,PECOS,849,17.0,89.0,64.0
2000,PECOS,996,18.0,86.0,65.0
2005,REEVES,1481,21.0,94.0,70.0
2004,REEVES,667,21.0,89.0,74.0
2003,REEVES,768,20.0,87.0,57.0
2002,REEVES,1296,18.0,87.0,66.0
2001,REEVES,591,17.0,89.0,64.0
2000,REEVES,568,18.0,86.0,65.0
2018,CONCHO,1200,15.0,95.0,51.0
2017,CONCHO,1173,13.0,97.0,52.0
2016,CONCHO,1340,11.0,98.0,44.0
2015,CONCHO,1220,9.0,97.0,46.0
2014,CONCHO,1286,15.0,99.0,49.0
2013,CONCHO,678,14.0,95.0,49.0
2012,CONCHO,459,25.0,95.0,64.0
2010,CONCHO,868,15.0,93.0,73.0
2009,CONCHO,864,19.0,93.0,74.0
2008,CONCHO,1085,21.0,94.0,56.0
2007,CONCHO,1091,20.0,95.0,55.0
2006,CONCHO,751,24.0,95.0,73.0
2005,CONCHO,1137,21.0,94.0,70.0
2004,CONCHO,1214,21.0,89.0,74.0
2003,CONCHO,686,20.0,87.0,57.0
2002,CONCHO,1020,18.0,87.0,66.0
2001,CONCHO,600,17.0,89.0,64.0
2000,CONCHO,416,18.0,86.0,65.0
2004,KINNEY,800,21.0,89.0,74.0
2017,REAGAN,1475,13.0,97.0,52.0
2016,REAGAN,1227,11.0,98.0,44.0
2014,REAGAN,1115,15.0,99.0,49.0
2012,REAGAN,917,25.0,95.0,64.0
2010,REAGAN,1138,15.0,93.0,73.0
2009,REAGAN,1157,19.0,93.0,74.0
2007,REAGAN,1274,20.0,95.0,55.0
2005,REAGAN,1099,21.0,94.0,70.0
2004,REAGAN,1089,21.0,89.0,74.0
2003,REAGAN,926,20.0,87.0,57.0
2002,REAGAN,925,18.0,87.0,66.0
2001,REAGAN,584,17.0,89.0,64.0
2000,REAGAN,635,18.0,86.0,65.0
2018,TOM GREEN,1031,15.0,95.0,51.0
2017,TOM GREEN,1206,13.0,97.0,52.0
2016,TOM GREEN,1319,11.0,98.0,44.0
2015,TOM GREEN,1032,9.0,97.0,46.0
2014,TOM GREEN,1393,15.0,99.0,49.0
2013,TOM GREEN,980,14.0,95.0,49.0
2012,TOM GREEN,620,25.0,95.0,64.0
2011,TOM GREEN,597,14.0,94.0,65.0
2010,TOM GREEN,1157,15.0,93.0,73.0
2009,TOM GREEN,1087,19.0,93.0,74.0
2008,TOM GREEN,1205,21.0,94.0,56.0
2007,TOM GREEN,1421,20.0,95.0,55.0
2006,TOM GREEN,952,24.0,95.0,73.0
2005,TOM GREEN,1078,21.0,94.0,70.0
2004,TOM GREEN,1115,21.0,89.0,74.0
2003,TOM GREEN,850,20.0,87.0,57.0
2002,TOM GREEN,811,18.0,87.0,66.0
2001,TOM GREEN,670,17.0,89.0,64.0
2000,TOM GREEN,272,18.0,86.0,65.0
2017,UPTON,1294,13.0,97.0,52.0
2016,UPTON,1455,11.0,98.0,44.0
2015,UPTON,1154,9.0,97.0,46.0
2012,UPTON,535,25.0,95.0,64.0
2010,UPTON,1138,15.0,93.0,73.0
2007,UPTON,1396,20.0,95.0,55.0
2006,UPTON,757,24.0,95.0,73.0
2005,UPTON,969,21.0,94.0,70.0
2004,UPTON,1331,21.0,89.0,74.0
2003,UPTON,981,20.0,87.0,57.0
2002,UPTON,668,18.0,87.0,66.0
2001,UPTON,607,17.0,89.0,64.0
2000,UPTON,240,18.0,86.0,65.0
2018,UVALDE,1242,15.0,95.0,51.0
2017,UVALDE,1680,13.0,97.0,52.0
2012,UVALDE,1502,25.0,95.0,64.0
2010,UVALDE,1265,15.0,93.0,73.0
2005,UVALDE,1183,21.0,94.0,70.0
2003,UVALDE,918,20.0,87.0,57.0
2002,UVALDE,1118,18.0,87.0,66.0
2000,UVALDE,404,18.0,86.0,65.0
2011,BEE,852,14.0,94.0,65.0
2010,BEE,1064,15.0,93.0,73.0
2006,BEE,1018,24.0,95.0,73.0
2005,BEE,1230,21.0,94.0,70.0
2004,BEE,1046,21.0,89.0,74.0
2003,BEE,1002,20.0,87.0,57.0
2002,BEE,1034,18.0,87.0,66.0
2001,BEE,1029,17.0,89.0,64.0
2000,BEE,1120,18.0,86.0,65.0
2017,BURLESON,1197,13.0,97.0,52.0
2013,BURLESON,1547,14.0,95.0,49.0
2012,BURLESON,1426,25.0,95.0,64.0
2011,BURLESON,941,14.0,94.0,65.0
2010,BURLESON,1039,15.0,93.0,73.0
2009,BURLESON,1031,19.0,93.0,74.0
2007,BURLESON,1347,20.0,95.0,55.0
2006,BURLESON,1269,24.0,95.0,73.0
2005,BURLESON,1084,21.0,94.0,70.0
2004,BURLESON,1314,21.0,89.0,74.0
2003,BURLESON,994,20.0,87.0,57.0
2002,BURLESON,1056,18.0,87.0,66.0
2001,BURLESON,711,17.0,89.0,64.0
2000,BURLESON,697,18.0,86.0,65.0
2018,MEDINA,1615,15.0,95.0,51.0
2017,MEDINA,1687,13.0,97.0,52.0
2015,MEDINA,1639,9.0,97.0,46.0
2014,MEDINA,1708,15.0,99.0,49.0
2013,MEDINA,1712,14.0,95.0,49.0
2012,MEDINA,1347,25.0,95.0,64.0
2010,MEDINA,1308,15.0,93.0,73.0
2007,MEDINA,1200,20.0,95.0,55.0
2006,MEDINA,1393,24.0,95.0,73.0
2005,MEDINA,1347,21.0,94.0,70.0
2004,MEDINA,1328,21.0,89.0,74.0
2003,MEDINA,1396,20.0,87.0,57.0
2002,MEDINA,1217,18.0,87.0,66.0
2005,WILSON,1248,21.0,94.0,70.0
2009,SAN PATRICIO,692,19.0,93.0,74.0
2007,SAN PATRICIO,837,20.0,95.0,55.0
2006,SAN PATRICIO,1033,24.0,95.0,73.0
2005,SAN PATRICIO,1038,21.0,94.0,70.0
2004,SAN PATRICIO,812,21.0,89.0,74.0
2003,SAN PATRICIO,1029,20.0,87.0,57.0
2002,SAN PATRICIO,1371,18.0,87.0,66.0
2001,SAN PATRICIO,1234,17.0,89.0,64.0
2000,SAN PATRICIO,960,18.0,86.0,65.0
2011,FORT BEND,640,14.0,94.0,65.0
2001,VICTORIA,720,17.0,89.0,64.0
2018,WHARTON,1068,15.0,95.0,51.0
2014,WHARTON,1455,15.0,99.0,49.0
2011,WHARTON,998,14.0,94.0,65.0
2010,WHARTON,864,15.0,93.0,73.0
2009,WHARTON,1034,19.0,93.0,74.0
2006,WHARTON,1147,24.0,95.0,73.0
2005,WHARTON,853,21.0,94.0,70.0
2003,WHARTON,745,20.0,87.0,57.0
2002,WHARTON,868,18.0,87.0,66.0
2001,WHARTON,912,17.0,89.0,64.0
2000,WHARTON,780,18.0,86.0,65.0
2005,ATASCOSA,1059,21.0,94.0,70.0
2004,FRIO,1076,21.0,89.0,74.0
2002,FRIO,1008,18.0,87.0,66.0
2006,ZAVALA,1171,24.0,95.0,73.0
2003,ZAVALA,982,20.0,87.0,57.0
2002,ZAVALA,915,18.0,87.0,66.0
2001,ZAVALA,857,17.0,89.0,64.0
2000,ZAVALA,672,18.0,86.0,65.0
2018,CAMERON,1104,15.0,95.0,51.0
2017,CAMERON,1076,13.0,97.0,52.0
2016,CAMERON,1271,11.0,98.0,44.0
2014,CAMERON,1386,15.0,99.0,49.0
2013,CAMERON,1121,14.0,95.0,49.0
2012,CAMERON,1080,25.0,95.0,64.0
2011,CAMERON,976,14.0,94.0,65.0
2010,CAMERON,836,15.0,93.0,73.0
2009,CAMERON,831,19.0,93.0,74.0
2007,CAMERON,707,20.0,95.0,55.0
2006,CAMERON,839,24.0,95.0,73.0
2005,CAMERON,812,21.0,94.0,70.0
2004,CAMERON,816,21.0,89.0,74.0
2003,CAMERON,644,20.0,87.0,57.0
2002,CAMERON,554,18.0,87.0,66.0
2001,CAMERON,617,17.0,89.0,64.0
2000,CAMERON,580,18.0,86.0,65.0
2018,HIDALGO,1150,15.0,95.0,51.0
2017,HIDALGO,1414,13.0,97.0,52.0
2015,HIDALGO,1120,9.0,97.0,46.0
2012,HIDALGO,1199,25.0,95.0,64.0
2010,HIDALGO,1009,15.0,93.0,73.0
2007,HIDALGO,907,20.0,95.0,55.0
2004,HIDALGO,922,21.0,89.0,74.0
2002,HIDALGO,744,18.0,87.0,66.0
2001,HIDALGO,780,17.0,89.0,64.0
2000,HIDALGO,706,18.0,86.0,65.0
2004,STARR,570,21.0,89.0,74.0
2002,STARR,706,18.0,87.0,66.0
2014,WILLACY,1187,15.0,99.0,49.0
2010,WILLACY,1108,15.0,93.0,73.0
2007,WILLACY,554,20.0,95.0,55.0
2005,WILLACY,1060,21.0,94.0,70.0
2004,WILLACY,995,21.0,89.0,74.0
2003,WILLACY,692,20.0,87.0,57.0
2002,WILLACY,525,18.0,87.0,66.0
2001,WILLACY,732,17.0,89.0,64.0
2000,WILLACY,431,18.0,86.0,65.0
