Year,County,Yield_Value,Yield_Unit,PCT_PLANTED_April,PCT_PLANTED_July,PCT_PLANTED_June,PCT_PLANTED_March,PCT_PLANTED_May
2005,OTHER (COMBINED) COUNTIES,5170,LB / ACRE,78.0,78.0,78.0,78.0,100.0
2004,OTHER (COMBINED) COUNTIES,6430,LB / ACRE,85.0,85.0,85.0,85.0,100.0
2003,OTHER (COMBINED) COUNTIES,5770,LB / ACRE,86.0,86.0,100.0,37.0,100.0
2000,OTHER (COMBINED) COUNTIES,5830,LB / ACRE,91.0,91.0,91.0,91.0,99.0
2005,BOWIE,5200,LB / ACRE,78.0,78.0,78.0,78.0,100.0
2004,BOWIE,6760,LB / ACRE,85.0,85.0,85.0,85.0,100.0
2003,BOWIE,5500,LB / ACRE,86.0,86.0,100.0,37.0,100.0
2002,BOWIE,5380,LB / ACRE,95.0,95.0,95.0,45.0,100.0
2001,BOWIE,5800,LB / ACRE,89.0,89.0,89.0,89.0,100.0
2000,BOWIE,4550,LB / ACRE,91.0,91.0,91.0,91.0,99.0
2002,HOPKINS,6360,LB / ACRE,95.0,95.0,95.0,45.0,100.0
2001,HOPKINS,6330,LB / ACRE,89.0,89.0,89.0,89.0,100.0
2002,RED RIVER,6800,LB / ACRE,95.0,95.0,95.0,45.0,100.0
2001,RED RIVER,6800,LB / ACRE,89.0,89.0,89.0,89.0,100.0
2009,OTHER (COMBINED) COUNTIES,9070,LB / ACRE,92.0,92.0,100.0,100.0,99.0
2008,OTHER (COMBINED) COUNTIES,9170,LB / ACRE,92.0,92.0,92.0,92.0,100.0
2007,OTHER (COMBINED) COUNTIES,9000,LB / ACRE,79.0,79.0,79.0,79.0,98.0
2005,OTHER (COMBINED) COUNTIES,8000,LB / ACRE,78.0,78.0,78.0,78.0,100.0
2004,OTHER (COMBINED) COUNTIES,7880,LB / ACRE,85.0,85.0,85.0,85.0,100.0
2003,OTHER (COMBINED) COUNTIES,5380,LB / ACRE,86.0,86.0,100.0,37.0,100.0
2002,OTHER (COMBINED) COUNTIES,5830,LB / ACRE,95.0,95.0,95.0,45.0,100.0
2001,OTHER (COMBINED) COUNTIES,4500,LB / ACRE,89.0,89.0,89.0,89.0,100.0
2000,HARDIN,4450,LB / ACRE,91.0,91.0,91.0,91.0,99.0
2009,WALLER,10180,LB / ACRE,92.0,92.0,100.0,100.0,99.0
2008,WALLER,9210,LB / ACRE,92.0,92.0,92.0,92.0,100.0
2007,WALLER,9100,LB / ACRE,79.0,79.0,79.0,79.0,98.0
2005,WALLER,9220,LB / ACRE,78.0,78.0,78.0,78.0,100.0
2004,WALLER,9560,LB / ACRE,85.0,85.0,85.0,85.0,100.0
2003,WALLER,7430,LB / ACRE,86.0,86.0,100.0,37.0,100.0
2002,WALLER,8000,LB / ACRE,95.0,95.0,95.0,45.0,100.0
2001,WALLER,9000,LB / ACRE,89.0,89.0,89.0,89.0,100.0
2000,WALLER,7460,LB / ACRE,91.0,91.0,91.0,91.0,99.0
2019,OTHER (COMBINED) COUNTIES,7830,LB / ACRE,73.0,73.0,99.0,17.0,85.0
2018,OTHER (COMBINED) COUNTIES,7690,LB / ACRE,77.0,77.0,77.0,46.0,100.0
2017,OTHER (COMBINED) COUNTIES,7670,LB / ACRE,76.0,76.0,100.0,24.0,90.0
2016,OTHER (COMBINED) COUNTIES,7490,LB / ACRE,76.0,76.0,76.0,16.0,99.0
2014,OTHER (COMBINED) COUNTIES,6980,LB / ACRE,79.0,79.0,100.0,100.0,98.0
2012,OTHER (COMBINED) COUNTIES,9350,LB / ACRE,89.0,89.0,89.0,89.0,98.0
2011,OTHER (COMBINED) COUNTIES,6360,LB / ACRE,87.0,87.0,100.0,100.0,99.0
2010,OTHER (COMBINED) COUNTIES,7470,LB / ACRE,86.0,86.0,86.0,86.0,99.0
2009,OTHER (COMBINED) COUNTIES,8600,LB / ACRE,92.0,92.0,100.0,100.0,99.0
2007,OTHER (COMBINED) COUNTIES,7200,LB / ACRE,79.0,79.0,79.0,79.0,98.0
2006,OTHER (COMBINED) COUNTIES,7110,LB / ACRE,91.0,91.0,91.0,91.0,100.0
2008,AUSTIN,7400,LB / ACRE,92.0,92.0,92.0,92.0,100.0
2005,AUSTIN,7170,LB / ACRE,78.0,78.0,78.0,78.0,100.0
2004,AUSTIN,7960,LB / ACRE,85.0,85.0,85.0,85.0,100.0
2003,AUSTIN,7350,LB / ACRE,86.0,86.0,100.0,37.0,100.0
2002,AUSTIN,7650,LB / ACRE,95.0,95.0,95.0,45.0,100.0
2001,AUSTIN,7880,LB / ACRE,89.0,89.0,89.0,89.0,100.0
2000,AUSTIN,6520,LB / ACRE,91.0,91.0,91.0,91.0,99.0
2024,COLORADO,10100,LB / ACRE,86.0,86.0,100.0,32.0,100.0
2023,COLORADO,9390,LB / ACRE,83.0,83.0,83.0,22.0,96.0
2022,COLORADO,6960,LB / ACRE,77.0,100.0,100.0,25.0,98.0
2020,COLORADO,9710,LB / ACRE,91.0,91.0,98.0,56.0,98.0
2019,COLORADO,7380,LB / ACRE,73.0,73.0,99.0,17.0,85.0
2018,COLORADO,8340,LB / ACRE,77.0,77.0,77.0,46.0,100.0
2017,COLORADO,6690,LB / ACRE,76.0,76.0,100.0,24.0,90.0
2016,COLORADO,7470,LB / ACRE,76.0,76.0,76.0,16.0,99.0
2014,COLORADO,8040,LB / ACRE,79.0,79.0,100.0,100.0,98.0
2011,COLORADO,7830,LB / ACRE,87.0,87.0,100.0,100.0,99.0
2009,COLORADO,8650,LB / ACRE,92.0,92.0,100.0,100.0,99.0
2008,COLORADO,7520,LB / ACRE,92.0,92.0,92.0,92.0,100.0
2007,COLORADO,7270,LB / ACRE,79.0,79.0,79.0,79.0,98.0
2006,COLORADO,7140,LB / ACRE,91.0,91.0,91.0,91.0,100.0
2005,COLORADO,7160,LB / ACRE,78.0,78.0,78.0,78.0,100.0
2004,COLORADO,7490,LB / ACRE,85.0,85.0,85.0,85.0,100.0
2003,COLORADO,7180,LB / ACRE,86.0,86.0,100.0,37.0,100.0
2002,COLORADO,7440,LB / ACRE,95.0,95.0,95.0,45.0,100.0
2001,COLORADO,7340,LB / ACRE,89.0,89.0,89.0,89.0,100.0
2000,COLORADO,7180,LB / ACRE,91.0,91.0,91.0,91.0,99.0
2023,LAVACA,6180,LB / ACRE,83.0,83.0,83.0,22.0,96.0
2021,LAVACA,7390,LB / ACRE,85.0,85.0,85.0,39.0,95.0
2009,LAVACA,6920,LB / ACRE,92.0,92.0,100.0,100.0,99.0
2008,LAVACA,6530,LB / ACRE,92.0,92.0,92.0,92.0,100.0
2007,LAVACA,6360,LB / ACRE,79.0,79.0,79.0,79.0,98.0
2006,LAVACA,5640,LB / ACRE,91.0,91.0,91.0,91.0,100.0
2005,LAVACA,6890,LB / ACRE,78.0,78.0,78.0,78.0,100.0
2004,LAVACA,7050,LB / ACRE,85.0,85.0,85.0,85.0,100.0
2003,LAVACA,5000,LB / ACRE,86.0,86.0,100.0,37.0,100.0
2002,LAVACA,5560,LB / ACRE,95.0,95.0,95.0,45.0,100.0
2001,LAVACA,5940,LB / ACRE,89.0,89.0,89.0,89.0,100.0
2000,LAVACA,6470,LB / ACRE,91.0,91.0,91.0,91.0,99.0
2019,OTHER (COMBINED) COUNTIES,8730,LB / ACRE,73.0,73.0,99.0,17.0,85.0
2018,OTHER (COMBINED) COUNTIES,9570,LB / ACRE,77.0,77.0,77.0,46.0,100.0
2017,OTHER (COMBINED) COUNTIES,7580,LB / ACRE,76.0,76.0,100.0,24.0,90.0
2016,OTHER (COMBINED) COUNTIES,7350,LB / ACRE,76.0,76.0,76.0,16.0,99.0
2015,OTHER (COMBINED) COUNTIES,6390,LB / ACRE,64.0,64.0,100.0,0.0,85.0
2014,OTHER (COMBINED) COUNTIES,7910,LB / ACRE,79.0,79.0,100.0,100.0,98.0
2013,OTHER (COMBINED) COUNTIES,7500,LB / ACRE,96.0,96.0,100.0,50.0,100.0
2012,OTHER (COMBINED) COUNTIES,8080,LB / ACRE,89.0,89.0,89.0,89.0,98.0
2011,OTHER (COMBINED) COUNTIES,6240,LB / ACRE,87.0,87.0,100.0,100.0,99.0
2010,OTHER (COMBINED) COUNTIES,7310,LB / ACRE,86.0,86.0,86.0,86.0,99.0
2009,OTHER (COMBINED) COUNTIES,7860,LB / ACRE,92.0,92.0,100.0,100.0,99.0
2008,OTHER (COMBINED) COUNTIES,6000,LB / ACRE,92.0,92.0,92.0,92.0,100.0
2007,OTHER (COMBINED) COUNTIES,4800,LB / ACRE,79.0,79.0,79.0,79.0,98.0
2006,OTHER (COMBINED) COUNTIES,7310,LB / ACRE,91.0,91.0,91.0,91.0,100.0
2005,OTHER (COMBINED) COUNTIES,9670,LB / ACRE,78.0,78.0,78.0,78.0,100.0
2004,OTHER (COMBINED) COUNTIES,5770,LB / ACRE,85.0,85.0,85.0,85.0,100.0
2003,OTHER (COMBINED) COUNTIES,6250,LB / ACRE,86.0,86.0,100.0,37.0,100.0
2002,OTHER (COMBINED) COUNTIES,6320,LB / ACRE,95.0,95.0,95.0,45.0,100.0
2001,OTHER (COMBINED) COUNTIES,8500,LB / ACRE,89.0,89.0,89.0,89.0,100.0
2000,OTHER (COMBINED) COUNTIES,5470,LB / ACRE,91.0,91.0,91.0,91.0,99.0
2023,BRAZORIA,6800,LB / ACRE,83.0,83.0,83.0,22.0,96.0
2019,BRAZORIA,8270,LB / ACRE,73.0,73.0,99.0,17.0,85.0
2018,BRAZORIA,6210,LB / ACRE,77.0,77.0,77.0,46.0,100.0
2017,BRAZORIA,6770,LB / ACRE,76.0,76.0,100.0,24.0,90.0
2016,BRAZORIA,7500,LB / ACRE,76.0,76.0,76.0,16.0,99.0
2015,BRAZORIA,5400,LB / ACRE,64.0,64.0,100.0,0.0,85.0
2013,BRAZORIA,8100,LB / ACRE,96.0,96.0,100.0,50.0,100.0
2012,BRAZORIA,10350,LB / ACRE,89.0,89.0,89.0,89.0,98.0
2010,BRAZORIA,6710,LB / ACRE,86.0,86.0,86.0,86.0,99.0
2009,BRAZORIA,6530,LB / ACRE,92.0,92.0,100.0,100.0,99.0
2008,BRAZORIA,5530,LB / ACRE,92.0,92.0,92.0,92.0,100.0
2007,BRAZORIA,5890,LB / ACRE,79.0,79.0,79.0,79.0,98.0
2006,BRAZORIA,6950,LB / ACRE,91.0,91.0,91.0,91.0,100.0
2005,BRAZORIA,6940,LB / ACRE,78.0,78.0,78.0,78.0,100.0
2004,BRAZORIA,7010,LB / ACRE,85.0,85.0,85.0,85.0,100.0
2003,BRAZORIA,7380,LB / ACRE,86.0,86.0,100.0,37.0,100.0
2002,BRAZORIA,6770,LB / ACRE,95.0,95.0,95.0,45.0,100.0
2001,BRAZORIA,7750,LB / ACRE,89.0,89.0,89.0,89.0,100.0
2000,BRAZORIA,7820,LB / ACRE,91.0,91.0,91.0,91.0,99.0
2014,CALHOUN,5940,LB / ACRE,79.0,79.0,100.0,100.0,98.0
2011,CALHOUN,6170,LB / ACRE,87.0,87.0,100.0,100.0,99.0
2010,CALHOUN,6910,LB / ACRE,86.0,86.0,86.0,86.0,99.0
2009,CALHOUN,7000,LB / ACRE,92.0,92.0,100.0,100.0,99.0
2008,CALHOUN,5710,LB / ACRE,92.0,92.0,92.0,92.0,100.0
2007,CALHOUN,3900,LB / ACRE,79.0,79.0,79.0,79.0,98.0
2006,CALHOUN,6430,LB / ACRE,91.0,91.0,91.0,91.0,100.0
2005,CALHOUN,3400,LB / ACRE,78.0,78.0,78.0,78.0,100.0
2004,CALHOUN,4620,LB / ACRE,85.0,85.0,85.0,85.0,100.0
2003,CALHOUN,6000,LB / ACRE,86.0,86.0,100.0,37.0,100.0
2002,CALHOUN,7670,LB / ACRE,95.0,95.0,95.0,45.0,100.0
2001,CALHOUN,8330,LB / ACRE,89.0,89.0,89.0,89.0,100.0
2000,CALHOUN,3740,LB / ACRE,91.0,91.0,91.0,91.0,99.0
2024,CHAMBERS,5780,LB / ACRE,86.0,86.0,100.0,32.0,100.0
2019,CHAMBERS,4250,LB / ACRE,73.0,73.0,99.0,17.0,85.0
2018,CHAMBERS,5340,LB / ACRE,77.0,77.0,77.0,46.0,100.0
2017,CHAMBERS,3620,LB / ACRE,76.0,76.0,100.0,24.0,90.0
2016,CHAMBERS,4540,LB / ACRE,76.0,76.0,76.0,16.0,99.0
2015,CHAMBERS,4530,LB / ACRE,64.0,64.0,100.0,0.0,85.0
2014,CHAMBERS,6050,LB / ACRE,79.0,79.0,100.0,100.0,98.0
2013,CHAMBERS,6320,LB / ACRE,96.0,96.0,100.0,50.0,100.0
2012,CHAMBERS,6260,LB / ACRE,89.0,89.0,89.0,89.0,98.0
2010,CHAMBERS,5120,LB / ACRE,86.0,86.0,86.0,86.0,99.0
2009,CHAMBERS,5920,LB / ACRE,92.0,92.0,100.0,100.0,99.0
2008,CHAMBERS,4910,LB / ACRE,92.0,92.0,92.0,92.0,100.0
2007,CHAMBERS,4960,LB / ACRE,79.0,79.0,79.0,79.0,98.0
2006,CHAMBERS,5000,LB / ACRE,91.0,91.0,91.0,91.0,100.0
2005,CHAMBERS,5240,LB / ACRE,78.0,78.0,78.0,78.0,100.0
2004,CHAMBERS,5590,LB / ACRE,85.0,85.0,85.0,85.0,100.0
2003,CHAMBERS,5000,LB / ACRE,86.0,86.0,100.0,37.0,100.0
2002,CHAMBERS,5680,LB / ACRE,95.0,95.0,95.0,45.0,100.0
2001,CHAMBERS,5560,LB / ACRE,89.0,89.0,89.0,89.0,100.0
2000,CHAMBERS,5080,LB / ACRE,91.0,91.0,91.0,91.0,99.0
2018,FORT BEND,10000,LB / ACRE,77.0,77.0,77.0,46.0,100.0
2017,FORT BEND,10600,LB / ACRE,76.0,76.0,100.0,24.0,90.0
2016,FORT BEND,10050,LB / ACRE,76.0,76.0,76.0,16.0,99.0
2015,FORT BEND,7980,LB / ACRE,64.0,64.0,100.0,0.0,85.0
2014,FORT BEND,8910,LB / ACRE,79.0,79.0,100.0,100.0,98.0
2013,FORT BEND,9160,LB / ACRE,96.0,96.0,100.0,50.0,100.0
2012,FORT BEND,7750,LB / ACRE,89.0,89.0,89.0,89.0,98.0
2011,FORT BEND,6450,LB / ACRE,87.0,87.0,100.0,100.0,99.0
2010,FORT BEND,7590,LB / ACRE,86.0,86.0,86.0,86.0,99.0
2009,FORT BEND,6380,LB / ACRE,92.0,92.0,100.0,100.0,99.0
2008,FORT BEND,8770,LB / ACRE,92.0,92.0,92.0,92.0,100.0
2007,FORT BEND,5640,LB / ACRE,79.0,79.0,79.0,79.0,98.0
2006,FORT BEND,9260,LB / ACRE,91.0,91.0,91.0,91.0,100.0
2005,FORT BEND,7520,LB / ACRE,78.0,78.0,78.0,78.0,100.0
2004,FORT BEND,6200,LB / ACRE,85.0,85.0,85.0,85.0,100.0
2003,FORT BEND,6270,LB / ACRE,86.0,86.0,100.0,37.0,100.0
2002,FORT BEND,7930,LB / ACRE,95.0,95.0,95.0,45.0,100.0
2001,FORT BEND,6780,LB / ACRE,89.0,89.0,89.0,89.0,100.0
2000,FORT BEND,7110,LB / ACRE,91.0,91.0,91.0,91.0,99.0
2009,GALVESTON,5150,LB / ACRE,92.0,92.0,100.0,100.0,99.0
2004,GALVESTON,8000,LB / ACRE,85.0,85.0,85.0,85.0,100.0
2005,HARRIS,2580,LB / ACRE,78.0,78.0,78.0,78.0,100.0
2004,HARRIS,6250,LB / ACRE,85.0,85.0,85.0,85.0,100.0
2003,HARRIS,6110,LB / ACRE,86.0,86.0,100.0,37.0,100.0
2002,HARRIS,6670,LB / ACRE,95.0,95.0,95.0,45.0,100.0
2001,HARRIS,7000,LB / ACRE,89.0,89.0,89.0,89.0,100.0
2000,HARRIS,6170,LB / ACRE,91.0,91.0,91.0,91.0,99.0
2021,JACKSON,9450,LB / ACRE,85.0,85.0,85.0,39.0,95.0
2020,JACKSON,8400,LB / ACRE,91.0,91.0,98.0,56.0,98.0
2019,JACKSON,9500,LB / ACRE,73.0,73.0,99.0,17.0,85.0
2015,JACKSON,9070,LB / ACRE,64.0,64.0,100.0,0.0,85.0
2013,JACKSON,7410,LB / ACRE,96.0,96.0,100.0,50.0,100.0
2011,JACKSON,6910,LB / ACRE,87.0,87.0,100.0,100.0,99.0
2010,JACKSON,7500,LB / ACRE,86.0,86.0,86.0,86.0,99.0
2009,JACKSON,7460,LB / ACRE,92.0,92.0,100.0,100.0,99.0
2008,JACKSON,7470,LB / ACRE,92.0,92.0,92.0,92.0,100.0
2007,JACKSON,7270,LB / ACRE,79.0,79.0,79.0,79.0,98.0
2006,JACKSON,7100,LB / ACRE,91.0,91.0,91.0,91.0,100.0
2005,JACKSON,6660,LB / ACRE,78.0,78.0,78.0,78.0,100.0
2004,JACKSON,6730,LB / ACRE,85.0,85.0,85.0,85.0,100.0
2003,JACKSON,6180,LB / ACRE,86.0,86.0,100.0,37.0,100.0
2002,JACKSON,7090,LB / ACRE,95.0,95.0,95.0,45.0,100.0
2001,JACKSON,6710,LB / ACRE,89.0,89.0,89.0,89.0,100.0
2000,JACKSON,6500,LB / ACRE,91.0,91.0,91.0,91.0,99.0
2024,JEFFERSON,7400,LB / ACRE,86.0,86.0,100.0,32.0,100.0
2021,JEFFERSON,5940,LB / ACRE,85.0,85.0,85.0,39.0,95.0
2020,JEFFERSON,5670,LB / ACRE,91.0,91.0,98.0,56.0,98.0
2019,JEFFERSON,4170,LB / ACRE,73.0,73.0,99.0,17.0,85.0
2018,JEFFERSON,6030,LB / ACRE,77.0,77.0,77.0,46.0,100.0
2017,JEFFERSON,5030,LB / ACRE,76.0,76.0,100.0,24.0,90.0
2016,JEFFERSON,5410,LB / ACRE,76.0,76.0,76.0,16.0,99.0
2015,JEFFERSON,5100,LB / ACRE,64.0,64.0,100.0,0.0,85.0
2014,JEFFERSON,5960,LB / ACRE,79.0,79.0,100.0,100.0,98.0
2013,JEFFERSON,6030,LB / ACRE,96.0,96.0,100.0,50.0,100.0
2012,JEFFERSON,6010,LB / ACRE,89.0,89.0,89.0,89.0,98.0
2011,JEFFERSON,6220,LB / ACRE,87.0,87.0,100.0,100.0,99.0
2010,JEFFERSON,6420,LB / ACRE,86.0,86.0,86.0,86.0,99.0
2009,JEFFERSON,5850,LB / ACRE,92.0,92.0,100.0,100.0,99.0
2008,JEFFERSON,5420,LB / ACRE,92.0,92.0,92.0,92.0,100.0
2007,JEFFERSON,5280,LB / ACRE,79.0,79.0,79.0,79.0,98.0
2006,JEFFERSON,4760,LB / ACRE,91.0,91.0,91.0,91.0,100.0
2005,JEFFERSON,5240,LB / ACRE,78.0,78.0,78.0,78.0,100.0
2004,JEFFERSON,5250,LB / ACRE,85.0,85.0,85.0,85.0,100.0
2003,JEFFERSON,5060,LB / ACRE,86.0,86.0,100.0,37.0,100.0
2002,JEFFERSON,5870,LB / ACRE,95.0,95.0,95.0,45.0,100.0
2001,JEFFERSON,5260,LB / ACRE,89.0,89.0,89.0,89.0,100.0
2000,JEFFERSON,5450,LB / ACRE,91.0,91.0,91.0,91.0,99.0
2013,LIBERTY,8670,LB / ACRE,96.0,96.0,100.0,50.0,100.0
2012,LIBERTY,8550,LB / ACRE,89.0,89.0,89.0,89.0,98.0
2011,LIBERTY,7630,LB / ACRE,87.0,87.0,100.0,100.0,99.0
2009,LIBERTY,7970,LB / ACRE,92.0,92.0,100.0,100.0,99.0
2008,LIBERTY,7500,LB / ACRE,92.0,92.0,92.0,92.0,100.0
2007,LIBERTY,6130,LB / ACRE,79.0,79.0,79.0,79.0,98.0
2006,LIBERTY,9090,LB / ACRE,91.0,91.0,91.0,91.0,100.0
2005,LIBERTY,4680,LB / ACRE,78.0,78.0,78.0,78.0,100.0
2004,LIBERTY,6210,LB / ACRE,85.0,85.0,85.0,85.0,100.0
2003,LIBERTY,6000,LB / ACRE,86.0,86.0,100.0,37.0,100.0
2002,LIBERTY,5920,LB / ACRE,95.0,95.0,95.0,45.0,100.0
2001,LIBERTY,5830,LB / ACRE,89.0,89.0,89.0,89.0,100.0
2000,LIBERTY,5680,LB / ACRE,91.0,91.0,91.0,91.0,99.0
2024,MATAGORDA,11110,LB / ACRE,86.0,86.0,100.0,32.0,100.0
2023,MATAGORDA,10420,LB / ACRE,83.0,83.0,83.0,22.0,96.0
2022,MATAGORDA,6840,LB / ACRE,77.0,100.0,100.0,25.0,98.0
2021,MATAGORDA,8480,LB / ACRE,85.0,85.0,85.0,39.0,95.0
2020,MATAGORDA,10440,LB / ACRE,91.0,91.0,98.0,56.0,98.0
2019,MATAGORDA,9020,LB / ACRE,73.0,73.0,99.0,17.0,85.0
2017,MATAGORDA,8430,LB / ACRE,76.0,76.0,100.0,24.0,90.0
2016,MATAGORDA,8060,LB / ACRE,76.0,76.0,76.0,16.0,99.0
2014,MATAGORDA,7590,LB / ACRE,79.0,79.0,100.0,100.0,98.0
2013,MATAGORDA,7820,LB / ACRE,96.0,96.0,100.0,50.0,100.0
2012,MATAGORDA,7240,LB / ACRE,89.0,89.0,89.0,89.0,98.0
2011,MATAGORDA,7970,LB / ACRE,87.0,87.0,100.0,100.0,99.0
2010,MATAGORDA,7300,LB / ACRE,86.0,86.0,86.0,86.0,99.0
2009,MATAGORDA,7560,LB / ACRE,92.0,92.0,100.0,100.0,99.0
2008,MATAGORDA,7110,LB / ACRE,92.0,92.0,92.0,92.0,100.0
2007,MATAGORDA,6090,LB / ACRE,79.0,79.0,79.0,79.0,98.0
2006,MATAGORDA,7060,LB / ACRE,91.0,91.0,91.0,91.0,100.0
2005,MATAGORDA,6870,LB / ACRE,78.0,78.0,78.0,78.0,100.0
2004,MATAGORDA,6510,LB / ACRE,85.0,85.0,85.0,85.0,100.0
2003,MATAGORDA,6250,LB / ACRE,86.0,86.0,100.0,37.0,100.0
2002,MATAGORDA,6910,LB / ACRE,95.0,95.0,95.0,45.0,100.0
2001,MATAGORDA,6450,LB / ACRE,89.0,89.0,89.0,89.0,100.0
2000,MATAGORDA,6410,LB / ACRE,91.0,91.0,91.0,91.0,99.0
2008,VICTORIA,6730,LB / ACRE,92.0,92.0,92.0,92.0,100.0
2005,VICTORIA,6410,LB / ACRE,78.0,78.0,78.0,78.0,100.0
2003,VICTORIA,6540,LB / ACRE,86.0,86.0,100.0,37.0,100.0
2002,VICTORIA,7780,LB / ACRE,95.0,95.0,95.0,45.0,100.0
2001,VICTORIA,8000,LB / ACRE,89.0,89.0,89.0,89.0,100.0
2000,VICTORIA,8000,LB / ACRE,91.0,91.0,91.0,91.0,99.0
2024,WHARTON,9620,LB / ACRE,86.0,86.0,100.0,32.0,100.0
2023,WHARTON,10250,LB / ACRE,83.0,83.0,83.0,22.0,96.0
2022,WHARTON,9440,LB / ACRE,77.0,100.0,100.0,25.0,98.0
2021,WHARTON,8480,LB / ACRE,85.0,85.0,85.0,39.0,95.0
2020,WHARTON,9320,LB / ACRE,91.0,91.0,98.0,56.0,98.0
2019,WHARTON,7630,LB / ACRE,73.0,73.0,99.0,17.0,85.0
2018,WHARTON,9450,LB / ACRE,77.0,77.0,77.0,46.0,100.0
2017,WHARTON,9500,LB / ACRE,76.0,76.0,100.0,24.0,90.0
2016,WHARTON,8290,LB / ACRE,76.0,76.0,76.0,16.0,99.0
2015,WHARTON,8810,LB / ACRE,64.0,64.0,100.0,0.0,85.0
2013,WHARTON,8360,LB / ACRE,96.0,96.0,100.0,50.0,100.0
2012,WHARTON,9060,LB / ACRE,89.0,89.0,89.0,89.0,98.0
2011,WHARTON,7350,LB / ACRE,87.0,87.0,100.0,100.0,99.0
2010,WHARTON,7350,LB / ACRE,86.0,86.0,86.0,86.0,99.0
2009,WHARTON,8510,LB / ACRE,92.0,92.0,100.0,100.0,99.0
2008,WHARTON,7210,LB / ACRE,92.0,92.0,92.0,92.0,100.0
2007,WHARTON,6980,LB / ACRE,79.0,79.0,79.0,79.0,98.0
2006,WHARTON,7830,LB / ACRE,91.0,91.0,91.0,91.0,100.0
2005,WHARTON,6930,LB / ACRE,78.0,78.0,78.0,78.0,100.0
2004,WHARTON,7430,LB / ACRE,85.0,85.0,85.0,85.0,100.0
2003,WHARTON,7390,LB / ACRE,86.0,86.0,100.0,37.0,100.0
2002,WHARTON,7970,LB / ACRE,95.0,95.0,95.0,45.0,100.0
2001,WHARTON,7330,LB / ACRE,89.0,89.0,89.0,89.0,100.0
2000,WHARTON,7360,LB / ACRE,91.0,91.0,91.0,91.0,99.0
2024,OTHER COUNTIES,9480,LB / ACRE,86.0,86.0,100.0,32.0,100.0
2023,OTHER COUNTIES,6450,LB / ACRE,83.0,83.0,83.0,22.0,96.0
2022,OTHER COUNTIES,5060,LB / ACRE,77.0,100.0,100.0,25.0,98.0
2021,OTHER COUNTIES,5950,LB / ACRE,85.0,85.0,85.0,39.0,95.0
2020,OTHER COUNTIES,7050,LB / ACRE,91.0,91.0,98.0,56.0,98.0
